PRAGMA foreign_keys=OFF;
BEGIN TRANSACTION;
CREATE TABLE IF NOT EXISTS "django_migrations" ("id" integer NOT NULL PRIMARY KEY AUTOINCREMENT, "app" varchar(255) NOT NULL, "name" varchar(255) NOT NULL, "applied" datetime NOT NULL);
INSERT INTO django_migrations VALUES(1,'contenttypes','0001_initial','2022-10-09 09:18:25.767261');
INSERT INTO django_migrations VALUES(2,'auth','0001_initial','2022-10-09 09:18:25.816316');
INSERT INTO django_migrations VALUES(3,'admin','0001_initial','2022-10-09 09:18:25.836927');
INSERT INTO django_migrations VALUES(4,'admin','0002_logentry_remove_auto_add','2022-10-09 09:18:25.853378');
INSERT INTO django_migrations VALUES(5,'admin','0003_logentry_add_action_flag_choices','2022-10-09 09:18:25.873673');
INSERT INTO django_migrations VALUES(6,'contenttypes','0002_remove_content_type_name','2022-10-09 09:18:25.901555');
INSERT INTO django_migrations VALUES(7,'auth','0002_alter_permission_name_max_length','2022-10-09 09:18:25.918872');
INSERT INTO django_migrations VALUES(8,'auth','0003_alter_user_email_max_length','2022-10-09 09:18:25.935572');
INSERT INTO django_migrations VALUES(9,'auth','0004_alter_user_username_opts','2022-10-09 09:18:25.950732');
INSERT INTO django_migrations VALUES(10,'auth','0005_alter_user_last_login_null','2022-10-09 09:18:25.967211');
INSERT INTO django_migrations VALUES(11,'auth','0006_require_contenttypes_0002','2022-10-09 09:18:25.974860');
INSERT INTO django_migrations VALUES(12,'auth','0007_alter_validators_add_error_messages','2022-10-09 09:18:25.988180');
INSERT INTO django_migrations VALUES(13,'auth','0008_alter_user_username_max_length','2022-10-09 09:18:26.006702');
INSERT INTO django_migrations VALUES(14,'auth','0009_alter_user_last_name_max_length','2022-10-09 09:18:26.024636');
INSERT INTO django_migrations VALUES(15,'auth','0010_alter_group_name_max_length','2022-10-09 09:18:26.041543');
INSERT INTO django_migrations VALUES(16,'auth','0011_update_proxy_permissions','2022-10-09 09:18:26.054922');
INSERT INTO django_migrations VALUES(17,'auth','0012_alter_user_first_name_max_length','2022-10-09 09:18:26.071685');
INSERT INTO django_migrations VALUES(18,'sessions','0001_initial','2022-10-09 09:18:26.088508');
INSERT INTO django_migrations VALUES(19,'blog','0001_initial','2022-10-09 09:49:18.134193');
INSERT INTO django_migrations VALUES(20,'blog','0002_auto_20221009_1109','2022-10-09 11:09:20.273925');
INSERT INTO django_migrations VALUES(21,'blog','0003_auto_20221101_0826','2022-11-01 08:27:15.432493');
INSERT INTO django_migrations VALUES(22,'blog','0004_auto_20230228_1737','2023-02-28 17:37:30.810347');
INSERT INTO django_migrations VALUES(23,'blog','0005_alter_picture_year','2023-02-28 17:38:57.082970');
INSERT INTO django_migrations VALUES(24,'blog','0006_alter_picture_year','2023-02-28 17:42:10.433124');
CREATE TABLE IF NOT EXISTS "auth_group_permissions" ("id" integer NOT NULL PRIMARY KEY AUTOINCREMENT, "group_id" integer NOT NULL REFERENCES "auth_group" ("id") DEFERRABLE INITIALLY DEFERRED, "permission_id" integer NOT NULL REFERENCES "auth_permission" ("id") DEFERRABLE INITIALLY DEFERRED);
CREATE TABLE IF NOT EXISTS "auth_user_groups" ("id" integer NOT NULL PRIMARY KEY AUTOINCREMENT, "user_id" integer NOT NULL REFERENCES "auth_user" ("id") DEFERRABLE INITIALLY DEFERRED, "group_id" integer NOT NULL REFERENCES "auth_group" ("id") DEFERRABLE INITIALLY DEFERRED);
CREATE TABLE IF NOT EXISTS "auth_user_user_permissions" ("id" integer NOT NULL PRIMARY KEY AUTOINCREMENT, "user_id" integer NOT NULL REFERENCES "auth_user" ("id") DEFERRABLE INITIALLY DEFERRED, "permission_id" integer NOT NULL REFERENCES "auth_permission" ("id") DEFERRABLE INITIALLY DEFERRED);
CREATE TABLE IF NOT EXISTS "django_admin_log" ("id" integer NOT NULL PRIMARY KEY AUTOINCREMENT, "action_time" datetime NOT NULL, "object_id" text NULL, "object_repr" varchar(200) NOT NULL, "change_message" text NOT NULL, "content_type_id" integer NULL REFERENCES "django_content_type" ("id") DEFERRABLE INITIALLY DEFERRED, "user_id" integer NOT NULL REFERENCES "auth_user" ("id") DEFERRABLE INITIALLY DEFERRED, "action_flag" smallint unsigned NOT NULL CHECK ("action_flag" >= 0));
INSERT INTO django_admin_log VALUES(1,'2022-10-09 09:49:50.241516','1','Romanticism','[{"added": {}}]',7,1,1);
INSERT INTO django_admin_log VALUES(2,'2022-10-09 09:50:21.167182','1','Vincent Willem van Gogh','[{"added": {}}]',9,1,1);
INSERT INTO django_admin_log VALUES(3,'2022-10-09 09:55:39.259484','1','Vincent Willem van Gogh','[{"changed": {"fields": ["Discription"]}}]',9,1,2);
INSERT INTO django_admin_log VALUES(4,'2022-10-09 09:56:51.405886','2','Post-Impressionism','[{"added": {}}]',7,1,1);
INSERT INTO django_admin_log VALUES(5,'2022-10-09 09:59:31.681511','1','Portrait of Dr. Gachet','[{"added": {}}]',8,1,1);
INSERT INTO django_admin_log VALUES(6,'2022-10-09 10:59:19.354245','1','Portrait of Dr. Gachet','',8,1,3);
INSERT INTO django_admin_log VALUES(7,'2022-10-09 11:00:35.018781','1','Vincent Willem van Gogh','',9,1,3);
INSERT INTO django_admin_log VALUES(8,'2022-10-09 11:00:40.198582','2','Post-Impressionism','',7,1,3);
INSERT INTO django_admin_log VALUES(9,'2022-10-09 11:00:40.205845','1','Romanticism','',7,1,3);
INSERT INTO django_admin_log VALUES(10,'2022-10-09 12:41:02.842113','1','Post-Impressionism','[{"added": {}}]',7,1,1);
INSERT INTO django_admin_log VALUES(11,'2022-10-09 12:46:47.851432','1','Camille Pissarro','[{"added": {}}]',9,1,1);
INSERT INTO django_admin_log VALUES(12,'2022-10-09 12:58:27.465653','1','Two Women Chatting by the Sea, St. Thomas','[{"added": {}}]',8,1,1);
INSERT INTO django_admin_log VALUES(13,'2022-10-09 13:02:12.186047','2','Vincent van Gogh','[{"added": {}}]',9,1,1);
INSERT INTO django_admin_log VALUES(14,'2022-10-09 13:09:00.887635','2','Sunflowers','[{"added": {}}]',8,1,1);
INSERT INTO django_admin_log VALUES(15,'2022-10-09 13:10:38.021951','2','Sunflowers','[{"changed": {"fields": ["Title [de]", "Title [pl]", "Title [ru]"]}}]',8,1,2);
INSERT INTO django_admin_log VALUES(16,'2022-10-10 19:10:51.823169','3','Wheatfield with Crows','[{"added": {}}]',8,1,1);
INSERT INTO django_admin_log VALUES(17,'2022-10-12 14:08:58.738111','4','The Hay Cart, Montfoucault','[{"added": {}}]',8,1,1);
INSERT INTO django_admin_log VALUES(18,'2022-11-01 08:25:57.591548','1','Two Women Chatting by the Sea, St. Thomas','',8,1,3);
INSERT INTO django_admin_log VALUES(19,'2022-11-01 08:25:57.601400','2','Sunflowers','',8,1,3);
INSERT INTO django_admin_log VALUES(20,'2022-11-01 08:25:57.608690','3','Wheatfield with Crows','',8,1,3);
INSERT INTO django_admin_log VALUES(21,'2022-11-01 08:25:57.615129','4','The Hay Cart, Montfoucault','',8,1,3);
INSERT INTO django_admin_log VALUES(22,'2022-11-01 08:34:45.113885','1','Sunflowers','[{"added": {}}]',8,1,1);
INSERT INTO django_admin_log VALUES(23,'2022-11-01 08:43:48.245081','2','Landscape with Farmhouses and Palm Trees','[{"added": {}}]',8,1,1);
INSERT INTO django_admin_log VALUES(24,'2022-11-01 09:12:49.733800','1','Sunflowers','[]',8,1,2);
INSERT INTO django_admin_log VALUES(25,'2023-02-24 08:23:05.062868','2','Landscape with Farmhouses and Palm Trees','',8,1,3);
INSERT INTO django_admin_log VALUES(26,'2023-02-24 08:23:05.072128','1','Sunflowers','',8,1,3);
INSERT INTO django_admin_log VALUES(27,'2023-02-24 08:23:11.233683','1','Post-Impressionism','',7,1,3);
INSERT INTO django_admin_log VALUES(28,'2023-02-24 08:23:18.849287','2','Vincent van Gogh','',9,1,3);
INSERT INTO django_admin_log VALUES(29,'2023-02-24 08:23:18.858215','1','Camille Pissarro','',9,1,3);
INSERT INTO django_admin_log VALUES(30,'2023-02-28 16:53:04.850624','3','Author unknown','[{"added": {}}]',9,1,1);
INSERT INTO django_admin_log VALUES(31,'2023-02-28 16:56:33.179172','2','unknown','[{"added": {}}]',7,1,1);
INSERT INTO django_admin_log VALUES(32,'2023-02-28 17:44:18.775819','1','Сarbon impression','[{"added": {}}]',8,1,1);
INSERT INTO django_admin_log VALUES(33,'2023-02-28 17:50:10.987126','3','Author unknown','[{"changed": {"fields": ["Author [pl]", "Author [ru]"]}}]',9,1,2);
INSERT INTO django_admin_log VALUES(34,'2023-02-28 17:54:03.136186','2','Chalk impression','[{"added": {}}]',8,1,1);
INSERT INTO django_admin_log VALUES(35,'2023-02-28 17:57:15.040348','3','Primitive landscape with a boat','[{"added": {}}]',8,1,1);
INSERT INTO django_admin_log VALUES(36,'2023-02-28 17:59:44.233341','4','African queen','[{"added": {}}]',8,1,1);
INSERT INTO django_admin_log VALUES(37,'2023-02-28 18:01:39.499874','5','African beauty','[{"added": {}}]',8,1,1);
INSERT INTO django_admin_log VALUES(38,'2023-02-28 18:03:50.124106','5','African beauty','[{"changed": {"fields": ["Status"]}}]',8,1,2);
INSERT INTO django_admin_log VALUES(39,'2023-02-28 18:06:21.998478','6','Sea volcano - abstraction','[{"added": {}}]',8,1,1);
INSERT INTO django_admin_log VALUES(40,'2023-02-28 18:10:27.307703','4','M.F.','[{"added": {}}]',9,1,1);
INSERT INTO django_admin_log VALUES(41,'2023-02-28 18:11:43.137777','7','Nike','[{"added": {}}]',8,1,1);
INSERT INTO django_admin_log VALUES(42,'2023-02-28 18:15:27.161920','8','Watercolor variation with blots','[{"added": {}}]',8,1,1);
INSERT INTO django_admin_log VALUES(43,'2023-02-28 18:16:30.384215','5','Purtse ?','[{"added": {}}]',9,1,1);
INSERT INTO django_admin_log VALUES(44,'2023-02-28 18:17:54.954690','9','Sailing boat in the port','[{"added": {}}]',8,1,1);
INSERT INTO django_admin_log VALUES(45,'2023-02-28 18:18:27.008655','6','A. Matche','[{"added": {}}]',9,1,1);
INSERT INTO django_admin_log VALUES(46,'2023-02-28 18:19:26.113290','10','Variations on Matisse','[{"added": {}}]',8,1,1);
INSERT INTO django_admin_log VALUES(47,'2023-02-28 18:19:47.953969','11','Variations on Matisse','[{"added": {}}]',8,1,1);
INSERT INTO django_admin_log VALUES(48,'2023-02-28 18:22:04.077296','12','Watercolor variation with blots','[{"added": {}}]',8,1,1);
INSERT INTO django_admin_log VALUES(49,'2023-02-28 18:26:42.719160','6','A. Matche','',9,1,3);
INSERT INTO django_admin_log VALUES(50,'2023-02-28 18:29:56.897312','9','Sailing boat in the port','[{"changed": {"fields": ["Status"]}}]',8,1,2);
INSERT INTO django_admin_log VALUES(51,'2023-02-28 18:34:19.238422','9','Sailing boat in the port','',8,1,3);
INSERT INTO django_admin_log VALUES(52,'2023-02-28 18:35:44.660673','7','A. Matche','[{"added": {}}]',9,1,1);
INSERT INTO django_admin_log VALUES(53,'2023-02-28 18:36:53.036036','13','Variations on Matisse','[{"added": {}}]',8,1,1);
INSERT INTO django_admin_log VALUES(54,'2023-02-28 18:37:25.761324','14','Variations on Matisse','[{"added": {}}]',8,1,1);
INSERT INTO django_admin_log VALUES(55,'2023-02-28 18:38:17.329001','15','Variations on Matisse','[{"added": {}}]',8,1,1);
INSERT INTO django_admin_log VALUES(56,'2023-02-28 18:39:23.591485','15','Variations on Matisse','',8,1,3);
INSERT INTO django_admin_log VALUES(57,'2023-02-28 18:39:30.968418','14','Variations on Matisse','',8,1,3);
INSERT INTO django_admin_log VALUES(58,'2023-02-28 18:39:30.977741','13','Variations on Matisse','',8,1,3);
INSERT INTO django_admin_log VALUES(59,'2023-02-28 18:40:31.004683','16','Variations on Matisse','[{"added": {}}]',8,1,1);
INSERT INTO django_admin_log VALUES(60,'2023-02-28 18:42:48.237899','17','Venus - act - graphics under glass','[{"added": {}}]',8,1,1);
INSERT INTO django_admin_log VALUES(61,'2023-02-28 18:43:09.466022','8','T.Kantor','[{"added": {}}]',9,1,1);
INSERT INTO django_admin_log VALUES(62,'2023-02-28 18:44:35.509291','18','Liberated man','[{"added": {}}]',8,1,1);
INSERT INTO django_admin_log VALUES(63,'2023-02-28 18:44:44.306033','17','Venus - act - graphics under glass','[{"changed": {"fields": ["Status"]}}]',8,1,2);
INSERT INTO django_admin_log VALUES(64,'2023-02-28 18:48:17.719541','5','Purtse','[{"changed": {"fields": ["Author [en]", "Author [de]", "Author [pl]", "Author [ru]"]}}]',9,1,2);
INSERT INTO django_admin_log VALUES(65,'2023-02-28 19:19:17.617763','19','Abstract Venus','[{"added": {}}]',8,1,1);
INSERT INTO django_admin_log VALUES(66,'2023-02-28 19:19:36.688870','9','Cardus','[{"added": {}}]',9,1,1);
INSERT INTO django_admin_log VALUES(67,'2023-02-28 19:21:18.356585','20','Saint-Louis-Woman','[{"added": {}}]',8,1,1);
INSERT INTO django_admin_log VALUES(68,'2023-02-28 19:22:26.462544','21','Bukkake abstraction','[{"added": {}}]',8,1,1);
INSERT INTO django_admin_log VALUES(69,'2023-02-28 19:24:29.944772','22','Maze abstraction','[{"added": {}}]',8,1,1);
INSERT INTO django_admin_log VALUES(70,'2023-02-28 19:24:51.210433','10','Albin Egger','[{"added": {}}]',9,1,1);
INSERT INTO django_admin_log VALUES(71,'2023-02-28 19:27:29.610172','23','Reaper','[{"added": {}}]',8,1,1);
INSERT INTO django_admin_log VALUES(72,'2023-02-28 19:27:51.867550','11','J. Brandt z Warszawy ?','[{"added": {}}]',9,1,1);
INSERT INTO django_admin_log VALUES(73,'2023-02-28 19:29:59.965556','24','Horses in the meadow','[{"added": {}}]',8,1,1);
INSERT INTO django_admin_log VALUES(74,'2023-02-28 19:31:42.272339','25','Watercolor variation with 2 blots under glass','[{"added": {}}]',8,1,1);
INSERT INTO django_admin_log VALUES(75,'2023-02-28 19:32:52.847644','26','People behind the fence abstraction','[{"added": {}}]',8,1,1);
INSERT INTO django_admin_log VALUES(76,'2023-02-28 19:34:07.068877','12','J.W','[{"added": {}}]',9,1,1);
INSERT INTO django_admin_log VALUES(77,'2023-02-28 19:35:06.770880','27','Autumn in the meadow','[{"added": {}}]',8,1,1);
INSERT INTO django_admin_log VALUES(78,'2023-02-28 19:35:36.673418','13','Lesoklińska Galeria Grodno','[{"added": {}}]',9,1,1);
INSERT INTO django_admin_log VALUES(79,'2023-02-28 19:36:43.350084','28','Declaration of love','[{"added": {}}]',8,1,1);
INSERT INTO django_admin_log VALUES(80,'2023-02-28 19:42:22.072349','29','Declaration of love','[{"added": {}}]',8,1,1);
INSERT INTO django_admin_log VALUES(81,'2023-02-28 19:43:09.724659','29','Declaration of love','',8,1,3);
INSERT INTO django_admin_log VALUES(82,'2023-02-28 19:45:09.595882','30','Abstraction in black 2','[{"added": {}}]',8,1,1);
INSERT INTO django_admin_log VALUES(83,'2023-02-28 19:46:23.343550','31','Abstraction in black 2','[{"added": {}}]',8,1,1);
INSERT INTO django_admin_log VALUES(84,'2023-02-28 19:47:45.609581','27','Autumn in the meadow','',8,1,3);
INSERT INTO django_admin_log VALUES(85,'2023-02-28 19:47:45.620227','31','Abstraction in black 2','',8,1,3);
INSERT INTO django_admin_log VALUES(86,'2023-02-28 19:47:45.626549','30','Abstraction in black 2','',8,1,3);
INSERT INTO django_admin_log VALUES(87,'2023-02-28 19:49:11.764757','32','Sailing ship in the port','[{"added": {}}]',8,1,1);
INSERT INTO django_admin_log VALUES(88,'2023-02-28 19:51:04.420322','33','Abstraction in black 2','[{"added": {}}]',8,1,1);
INSERT INTO django_admin_log VALUES(89,'2023-02-28 19:52:31.411978','34','Abstraction - school chalkboard','[{"added": {}}]',8,1,1);
INSERT INTO django_admin_log VALUES(90,'2023-02-28 19:53:38.364318','35','Abstraction in black','[{"added": {}}]',8,1,1);
INSERT INTO django_admin_log VALUES(91,'2023-02-28 19:55:26.696539','36','Forest abstraction','[{"added": {}}]',8,1,1);
INSERT INTO django_admin_log VALUES(92,'2023-02-28 19:57:58.251861','14','A .Hofman','[{"added": {}}]',9,1,1);
INSERT INTO django_admin_log VALUES(93,'2023-02-28 20:00:05.803861','37','A bellerophon for our times','[{"added": {}}]',8,1,1);
INSERT INTO django_admin_log VALUES(94,'2023-02-28 20:02:07.520114','38','Phoenix woman','[{"added": {}}]',8,1,1);
INSERT INTO django_admin_log VALUES(95,'2023-02-28 20:03:18.647405','15','Jakubowsky','[{"added": {}}]',9,1,1);
INSERT INTO django_admin_log VALUES(96,'2023-02-28 20:06:31.189415','16','Hugo Palmgirst','[{"added": {}}]',9,1,1);
INSERT INTO django_admin_log VALUES(97,'2023-02-28 20:07:56.925923','39','Evening in the hamlet','[{"added": {}}]',8,1,1);
INSERT INTO django_admin_log VALUES(98,'2023-02-28 20:10:03.564008','40','1930s Austria','[{"added": {}}]',8,1,1);
INSERT INTO django_admin_log VALUES(99,'2023-02-28 20:19:05.298205','41','Abstaction in the Labyrinth 2','[{"added": {}}]',8,1,1);
INSERT INTO django_admin_log VALUES(100,'2023-02-28 20:23:47.239447','42','Büchnenszone','[{"added": {}}]',8,1,1);
INSERT INTO django_admin_log VALUES(101,'2023-02-28 20:41:26.336268','43','Man looking for his purpose','[{"added": {}}]',8,1,1);
INSERT INTO django_admin_log VALUES(102,'2023-02-28 20:42:02.785238','17','J.Kossman','[{"added": {}}]',9,1,1);
INSERT INTO django_admin_log VALUES(103,'2023-02-28 20:43:17.334129','44','Country cottage','[{"added": {}}]',8,1,1);
INSERT INTO django_admin_log VALUES(104,'2023-02-28 20:43:36.275615','18','R.Szeliga','[{"added": {}}]',9,1,1);
INSERT INTO django_admin_log VALUES(105,'2023-02-28 20:46:07.409765','45','veduta - primitivism','[{"added": {}}]',8,1,1);
INSERT INTO django_admin_log VALUES(106,'2023-02-28 20:49:02.391940','46','A boat in the rays of the sun - oil','[{"added": {}}]',8,1,1);
INSERT INTO django_admin_log VALUES(107,'2023-02-28 20:49:42.981212','19','Sacor ? Austria','[{"added": {}}]',9,1,1);
INSERT INTO django_admin_log VALUES(108,'2023-02-28 20:52:00.021919','47','Landscape with sailboats','[{"added": {}}]',8,1,1);
INSERT INTO django_admin_log VALUES(109,'2023-02-28 20:52:19.726288','20','W.Korecki ?','[{"added": {}}]',9,1,1);
INSERT INTO django_admin_log VALUES(110,'2023-02-28 20:57:14.588863','48','Winter huts','[{"added": {}}]',8,1,1);
INSERT INTO django_admin_log VALUES(111,'2023-02-28 20:57:40.130214','21','F..L ?','[{"added": {}}]',9,1,1);
INSERT INTO django_admin_log VALUES(112,'2023-02-28 20:59:36.881144','49','Rural landscape','[{"added": {}}]',8,1,1);
INSERT INTO django_admin_log VALUES(113,'2023-02-28 20:59:59.332976','22','J. Roschow','[{"added": {}}]',9,1,1);
INSERT INTO django_admin_log VALUES(114,'2023-02-28 21:01:09.117641','50','Ducks by the pond','[{"added": {}}]',8,1,1);
INSERT INTO django_admin_log VALUES(115,'2023-02-28 21:03:01.249086','23','J. Fałat ?','[{"added": {}}]',9,1,1);
INSERT INTO django_admin_log VALUES(116,'2023-02-28 21:05:18.742437','24','P. Rondlor','[{"added": {}}]',9,1,1);
INSERT INTO django_admin_log VALUES(117,'2023-02-28 21:06:53.871031','51','English style park','[{"added": {}}]',8,1,1);
INSERT INTO django_admin_log VALUES(118,'2023-02-28 21:07:48.550775','25','J.H.','[{"added": {}}]',9,1,1);
INSERT INTO django_admin_log VALUES(119,'2023-02-28 21:09:29.592423','52','Boats in the port','[{"added": {}}]',8,1,1);
INSERT INTO django_admin_log VALUES(120,'2023-02-28 21:09:46.709162','26','L.Ekelund','[{"added": {}}]',9,1,1);
INSERT INTO django_admin_log VALUES(121,'2023-02-28 21:11:31.969839','53','smiling clown','[{"added": {}}]',8,1,1);
INSERT INTO django_admin_log VALUES(122,'2023-02-28 21:11:58.233489','53','Smiling clown','[{"changed": {"fields": ["Title [en]", "Title [de]", "Title [pl]", "Title [ru]"]}}]',8,1,2);
INSERT INTO django_admin_log VALUES(123,'2023-02-28 21:12:39.504616','53','Smiling clown','[{"changed": {"fields": ["Year"]}}]',8,1,2);
INSERT INTO django_admin_log VALUES(124,'2023-02-28 22:09:09.814648','27','L 56 ?','[{"added": {}}]',9,1,1);
INSERT INTO django_admin_log VALUES(125,'2023-02-28 22:10:32.703340','54','Abstraction - A woman full of mercy on the street','[{"added": {}}]',8,1,1);
INSERT INTO django_admin_log VALUES(126,'2023-02-28 22:12:14.137586','55','Woman in bed','[{"added": {}}]',8,1,1);
INSERT INTO django_admin_log VALUES(127,'2023-02-28 22:14:05.187534','56','1930s Austria','[{"added": {}}]',8,1,1);
INSERT INTO django_admin_log VALUES(128,'2023-02-28 22:16:39.979564','57','English style park','[{"added": {}}]',8,1,1);
INSERT INTO django_admin_log VALUES(129,'2023-02-28 22:18:45.588122','58','A homely village','[{"added": {}}]',8,1,1);
INSERT INTO django_admin_log VALUES(130,'2023-02-28 22:19:24.578686','58','A homely village','[{"changed": {"fields": ["Year"]}}]',8,1,2);
INSERT INTO django_admin_log VALUES(131,'2023-02-28 22:21:20.749006','59','Highlander''s huts in Zakopane','[{"added": {}}]',8,1,1);
INSERT INTO django_admin_log VALUES(132,'2023-02-28 22:24:47.440196','60','Flowers','[{"added": {}}]',8,1,1);
INSERT INTO django_admin_log VALUES(133,'2023-02-28 22:26:12.889976','60','Flowers','',8,1,3);
INSERT INTO django_admin_log VALUES(134,'2023-02-28 22:29:02.572746','61','Flowers','[{"added": {}}]',8,1,1);
INSERT INTO django_admin_log VALUES(135,'2023-02-28 22:29:26.465172','28','E. Ebel','[{"added": {}}]',9,1,1);
INSERT INTO django_admin_log VALUES(136,'2023-02-28 22:31:28.578324','62','Wanderer','[{"added": {}}]',8,1,1);
INSERT INTO django_admin_log VALUES(137,'2023-02-28 22:35:35.236153','63','Expression landscape','[{"added": {}}]',8,1,1);
INSERT INTO django_admin_log VALUES(138,'2023-02-28 22:36:52.316272','64','Sailboats at sunset','[{"added": {}}]',8,1,1);
INSERT INTO django_admin_log VALUES(139,'2023-02-28 22:39:48.924228','65','landscape','[{"added": {}}]',8,1,1);
INSERT INTO django_admin_log VALUES(140,'2023-02-28 22:40:19.664886','29','E.Esch ?','[{"added": {}}]',9,1,1);
INSERT INTO django_admin_log VALUES(141,'2023-02-28 22:42:50.106322','66','The rays of the sun falling on the wet ground','[{"added": {}}]',8,1,1);
INSERT INTO django_admin_log VALUES(142,'2023-02-28 22:44:13.787660','67','trees in a madman''s vision','[{"added": {}}]',8,1,1);
INSERT INTO django_admin_log VALUES(143,'2023-02-28 22:45:56.735352','68','Boats on the water','[{"added": {}}]',8,1,1);
INSERT INTO django_admin_log VALUES(144,'2023-02-28 22:46:17.963115','30','E. Bizi- BÖCK','[{"added": {}}]',9,1,1);
INSERT INTO django_admin_log VALUES(145,'2023-02-28 22:48:02.438089','69','death memorial silent watercolor lake','[{"added": {}}]',8,1,1);
INSERT INTO django_admin_log VALUES(146,'2023-02-28 22:48:45.915761','69','Death memorial silent watercolor lake','[{"changed": {"fields": ["Title [en]", "Title [de]", "Title [pl]", "Title [ru]"]}}]',8,1,2);
INSERT INTO django_admin_log VALUES(147,'2023-02-28 22:49:10.771813','68','Boats on the water','[{"changed": {"fields": ["Year"]}}]',8,1,2);
INSERT INTO django_admin_log VALUES(148,'2023-02-28 22:49:37.021699','31','Svend Óstergaard ?','[{"added": {}}]',9,1,1);
INSERT INTO django_admin_log VALUES(149,'2023-02-28 22:51:25.506587','70','Summer landscape','[{"added": {}}]',8,1,1);
INSERT INTO django_admin_log VALUES(150,'2023-02-28 23:09:19.648557','32','J. Heröd','[{"added": {}}]',9,1,1);
INSERT INTO django_admin_log VALUES(151,'2023-02-28 23:10:45.636530','71','Copy of Modigliani','[{"added": {}}]',8,1,1);
INSERT INTO django_admin_log VALUES(152,'2023-02-28 23:11:04.954160','33','K.E. Hrid ?','[{"added": {}}]',9,1,1);
INSERT INTO django_admin_log VALUES(153,'2023-02-28 23:12:36.470463','72','Variations on Capri','[{"added": {}}]',8,1,1);
INSERT INTO django_admin_log VALUES(154,'2023-02-28 23:13:05.035847','34','Maurycy  Trębacz ?','[{"added": {}}]',9,1,1);
INSERT INTO django_admin_log VALUES(155,'2023-02-28 23:14:13.758658','73','The element of the sea','[{"added": {}}]',8,1,1);
INSERT INTO django_admin_log VALUES(156,'2023-02-28 23:14:27.492308','35','K. J.','[{"added": {}}]',9,1,1);
INSERT INTO django_admin_log VALUES(157,'2023-02-28 23:16:10.186043','74','Settlement in the forest','[{"added": {}}]',8,1,1);
INSERT INTO django_admin_log VALUES(158,'2023-02-28 23:16:34.142158','36','M. Labe?','[{"added": {}}]',9,1,1);
INSERT INTO django_admin_log VALUES(159,'2023-02-28 23:17:27.448488','75','Country road with stone stacks','[{"added": {}}]',8,1,1);
INSERT INTO django_admin_log VALUES(160,'2023-02-28 23:17:45.711080','37','H. Yiting','[{"added": {}}]',9,1,1);
INSERT INTO django_admin_log VALUES(161,'2023-02-28 23:19:23.384284','76','Autumn glade','[{"added": {}}]',8,1,1);
INSERT INTO django_admin_log VALUES(162,'2023-02-28 23:19:38.670928','38','S. Arvilson','[{"added": {}}]',9,1,1);
INSERT INTO django_admin_log VALUES(163,'2023-02-28 23:21:13.203429','77','Southern style landscape','[{"added": {}}]',8,1,1);
INSERT INTO django_admin_log VALUES(164,'2023-02-28 23:21:30.880507','39','A.C. ?','[{"added": {}}]',9,1,1);
INSERT INTO django_admin_log VALUES(165,'2023-02-28 23:22:33.145158','78','View','[{"added": {}}]',8,1,1);
INSERT INTO django_admin_log VALUES(166,'2023-02-28 23:23:03.144812','40','Emill Hildebrandt','[{"added": {}}]',9,1,1);
INSERT INTO django_admin_log VALUES(167,'2023-02-28 23:24:37.138275','79','Dark forest','[{"added": {}}]',8,1,1);
INSERT INTO django_admin_log VALUES(168,'2023-02-28 23:36:08.852301','41','C. G. ?','[{"added": {}}]',9,1,1);
INSERT INTO django_admin_log VALUES(169,'2023-02-28 23:37:07.964162','80','Landscape with a lake','[{"added": {}}]',8,1,1);
INSERT INTO django_admin_log VALUES(170,'2023-02-28 23:37:50.235485','42','J.H .Stanisławski','[{"added": {}}]',9,1,1);
INSERT INTO django_admin_log VALUES(171,'2023-02-28 23:39:01.267011','81','Beehives in Ukraine','[{"added": {}}]',8,1,1);
INSERT INTO django_admin_log VALUES(172,'2023-02-28 23:39:18.812879','43','B. Tomee','[{"added": {}}]',9,1,1);
INSERT INTO django_admin_log VALUES(173,'2023-02-28 23:40:22.704743','82','Lighthouse - landscapes of Denmark','[{"added": {}}]',8,1,1);
INSERT INTO django_admin_log VALUES(174,'2023-02-28 23:40:53.550528','44','E. Ammell','[{"added": {}}]',9,1,1);
INSERT INTO django_admin_log VALUES(175,'2023-02-28 23:41:56.224116','83','Mountain expression','[{"added": {}}]',8,1,1);
INSERT INTO django_admin_log VALUES(176,'2023-02-28 23:42:54.686039','84','Sailing boat in the port','[{"added": {}}]',8,1,1);
INSERT INTO django_admin_log VALUES(177,'2023-02-28 23:50:54.782226','40','1930s Austria','',8,1,3);
INSERT INTO django_admin_log VALUES(178,'2023-03-05 16:09:16.110402','41','C. G.','[{"changed": {"fields": ["Author [en]", "Author [de]", "Author [pl]", "Author [ru]"]}}]',9,1,2);
INSERT INTO django_admin_log VALUES(179,'2023-03-05 16:09:27.967705','39','A.C.','[{"changed": {"fields": ["Author [en]", "Author [de]", "Author [pl]", "Author [ru]"]}}]',9,1,2);
INSERT INTO django_admin_log VALUES(180,'2023-03-05 16:09:36.230359','36','M. Labe','[{"changed": {"fields": ["Author [en]", "Author [de]", "Author [pl]", "Author [ru]"]}}]',9,1,2);
INSERT INTO django_admin_log VALUES(181,'2023-03-05 16:09:53.055491','34','Maurycy  Trębacz','[{"changed": {"fields": ["Author [en]", "Author [de]", "Author [pl]", "Author [ru]"]}}]',9,1,2);
INSERT INTO django_admin_log VALUES(182,'2023-03-05 16:10:02.500802','33','K.E. Hrid','[{"changed": {"fields": ["Author [en]", "Author [de]", "Author [pl]", "Author [ru]"]}}]',9,1,2);
INSERT INTO django_admin_log VALUES(183,'2023-03-05 16:10:12.973726','31','Svend Óstergaard','[{"changed": {"fields": ["Author [en]", "Author [de]", "Author [pl]", "Author [ru]"]}}]',9,1,2);
INSERT INTO django_admin_log VALUES(184,'2023-03-05 16:10:22.742138','29','E.Esch','[{"changed": {"fields": ["Author [en]", "Author [de]", "Author [pl]", "Author [ru]"]}}]',9,1,2);
INSERT INTO django_admin_log VALUES(185,'2023-03-05 16:10:32.283348','27','L 56','[{"changed": {"fields": ["Author [en]", "Author [de]", "Author [pl]", "Author [ru]"]}}]',9,1,2);
INSERT INTO django_admin_log VALUES(186,'2023-03-05 16:10:45.830348','23','J. Fałat','[{"changed": {"fields": ["Author [en]", "Author [de]", "Author [pl]", "Author [ru]"]}}]',9,1,2);
INSERT INTO django_admin_log VALUES(187,'2023-03-05 16:10:55.710114','21','F..L','[{"changed": {"fields": ["Author [en]", "Author [de]", "Author [pl]", "Author [ru]"]}}]',9,1,2);
INSERT INTO django_admin_log VALUES(188,'2023-03-05 16:11:13.348954','20','W.Korecki','[{"changed": {"fields": ["Author [en]", "Author [de]", "Author [pl]", "Author [ru]"]}}]',9,1,2);
INSERT INTO django_admin_log VALUES(189,'2023-03-05 16:11:38.669387','19','Sacor','[{"changed": {"fields": ["Author [en]", "Author [de]", "Author [pl]", "Author [ru]", "Slug"]}}]',9,1,2);
INSERT INTO django_admin_log VALUES(190,'2023-03-05 16:11:56.775317','11','J. Brandt z Warszawy','[{"changed": {"fields": ["Author [en]", "Author [de]", "Author [pl]", "Author [ru]"]}}]',9,1,2);
INSERT INTO django_admin_log VALUES(191,'2023-03-05 16:12:25.981015','21','F.L.','[{"changed": {"fields": ["Author [en]", "Author [de]", "Author [pl]", "Author [ru]"]}}]',9,1,2);
INSERT INTO django_admin_log VALUES(192,'2023-03-05 16:13:46.465851','3','1900-2000','[{"added": {}}]',7,1,1);
INSERT INTO django_admin_log VALUES(193,'2023-03-05 16:14:15.349972','4','2000 +','[{"added": {}}]',7,1,1);
INSERT INTO django_admin_log VALUES(194,'2023-03-05 16:19:09.584036','51','English style park','',8,1,3);
INSERT INTO django_admin_log VALUES(195,'2023-03-05 16:35:45.216447','4','African queen','[{"changed": {"fields": ["Epoch [en]", "Epoch [de]", "Epoch [pl]", "Epoch [ru]"]}}]',8,1,2);
INSERT INTO django_admin_log VALUES(196,'2023-03-05 16:40:04.447430','6','Sea volcano - abstraction','[{"changed": {"fields": ["Epoch [en]", "Epoch [de]", "Epoch [pl]", "Epoch [ru]", "Country [en]", "Country [de]", "Country [pl]", "Country [ru]"]}}]',8,1,2);
INSERT INTO django_admin_log VALUES(197,'2023-03-05 16:41:17.927719','7','Nike','[{"changed": {"fields": ["Epoch [en]", "Epoch [de]", "Epoch [pl]", "Epoch [ru]", "Country [en]", "Country [de]", "Country [pl]", "Country [ru]"]}}]',8,1,2);
INSERT INTO django_admin_log VALUES(198,'2023-03-05 16:43:50.366007','8','Watercolor variation with blots','[{"changed": {"fields": ["Country [en]", "Country [de]", "Country [pl]", "Country [ru]"]}}]',8,1,2);
INSERT INTO django_admin_log VALUES(199,'2023-03-05 16:44:37.730416','84','Sailing boat in the port','[{"changed": {"fields": ["Epoch [en]", "Epoch [de]", "Epoch [pl]", "Epoch [ru]"]}}]',8,1,2);
INSERT INTO django_admin_log VALUES(200,'2023-03-05 16:45:22.664317','32','Sailing ship in the port','[]',8,1,2);
INSERT INTO django_admin_log VALUES(201,'2023-03-05 16:45:58.724312','32','Sailing ship in the port','[{"changed": {"fields": ["Epoch [en]", "Epoch [de]", "Epoch [pl]", "Epoch [ru]", "Year", "Country [de]", "Country [pl]", "Country [ru]"]}}]',8,1,2);
INSERT INTO django_admin_log VALUES(202,'2023-03-05 16:46:06.676356','32','Sailing ship in the port','[]',8,1,2);
INSERT INTO django_admin_log VALUES(203,'2023-03-05 16:47:01.898158','17','Venus - act - graphics under glass','[{"changed": {"fields": ["Epoch [en]", "Epoch [de]", "Epoch [pl]", "Epoch [ru]"]}}]',8,1,2);
INSERT INTO django_admin_log VALUES(204,'2023-03-05 16:47:24.445481','18','Liberated man','[{"changed": {"fields": ["Epoch [en]", "Epoch [de]", "Epoch [pl]", "Epoch [ru]"]}}]',8,1,2);
INSERT INTO django_admin_log VALUES(205,'2023-03-05 16:47:51.836391','19','Abstract Venus','[{"changed": {"fields": ["Epoch [en]", "Epoch [de]", "Epoch [pl]", "Epoch [ru]"]}}]',8,1,2);
INSERT INTO django_admin_log VALUES(206,'2023-03-05 16:48:28.253142','21','Bukkake abstraction','[{"changed": {"fields": ["Epoch [en]", "Epoch [de]", "Epoch [pl]", "Epoch [ru]"]}}]',8,1,2);
INSERT INTO django_admin_log VALUES(207,'2023-03-05 16:48:57.123473','22','Maze abstraction','[{"changed": {"fields": ["Epoch [en]", "Epoch [de]", "Epoch [pl]", "Epoch [ru]"]}}]',8,1,2);
INSERT INTO django_admin_log VALUES(208,'2023-03-05 16:49:15.367080','23','Reaper','[{"changed": {"fields": ["Epoch [en]", "Epoch [de]", "Epoch [pl]", "Epoch [ru]"]}}]',8,1,2);
INSERT INTO django_admin_log VALUES(209,'2023-03-05 16:49:36.709261','24','Horses in the meadow','[{"changed": {"fields": ["Epoch [en]", "Epoch [de]", "Epoch [pl]", "Epoch [ru]"]}}]',8,1,2);
INSERT INTO django_admin_log VALUES(210,'2023-03-05 16:50:35.057243','26','People behind the fence abstraction','[{"changed": {"fields": ["Epoch [en]", "Epoch [de]", "Epoch [pl]", "Epoch [ru]"]}}]',8,1,2);
INSERT INTO django_admin_log VALUES(211,'2023-03-05 16:55:22.470469','85','Autumn in the meadow','[{"added": {}}]',8,1,1);
INSERT INTO django_admin_log VALUES(212,'2023-03-05 16:56:04.729360','28','Declaration of love','[{"changed": {"fields": ["Epoch [en]", "Epoch [de]", "Epoch [pl]", "Epoch [ru]"]}}]',8,1,2);
INSERT INTO django_admin_log VALUES(213,'2023-03-05 16:57:41.214411','35','Abstraction in black','[{"changed": {"fields": ["Epoch [en]", "Epoch [de]", "Epoch [pl]", "Epoch [ru]"]}}]',8,1,2);
INSERT INTO django_admin_log VALUES(214,'2023-03-05 16:58:08.463655','36','Forest abstraction','[{"changed": {"fields": ["Epoch [en]", "Epoch [de]", "Epoch [pl]", "Epoch [ru]"]}}]',8,1,2);
INSERT INTO django_admin_log VALUES(215,'2023-03-05 16:59:16.580369','38','Phoenix woman','[{"changed": {"fields": ["Epoch [en]", "Epoch [de]", "Epoch [pl]", "Epoch [ru]", "Country [en]", "Country [de]", "Country [pl]", "Country [ru]"]}}]',8,1,2);
INSERT INTO django_admin_log VALUES(216,'2023-03-05 17:00:36.701751','41','Abstaction in the Labyrinth 2','[{"changed": {"fields": ["Epoch [en]", "Epoch [de]", "Epoch [pl]", "Epoch [ru]"]}}]',8,1,2);
INSERT INTO django_admin_log VALUES(217,'2023-03-05 17:01:07.095189','42','Büchnenszone','[{"changed": {"fields": ["Epoch [en]", "Epoch [de]", "Epoch [pl]", "Epoch [ru]", "Year"]}}]',8,1,2);
INSERT INTO django_admin_log VALUES(218,'2023-03-05 17:01:44.129314','43','Man looking for his purpose','[{"changed": {"fields": ["Epoch [en]", "Epoch [de]", "Epoch [pl]", "Epoch [ru]"]}}]',8,1,2);
INSERT INTO django_admin_log VALUES(219,'2023-03-05 17:03:04.055977','43','Man looking for his purpose','[{"changed": {"fields": ["Country [en]", "Country [de]", "Country [pl]", "Country [ru]"]}}]',8,1,2);
INSERT INTO django_admin_log VALUES(220,'2023-03-05 17:03:25.888002','44','Country cottage','[{"changed": {"fields": ["Epoch [en]", "Epoch [de]", "Epoch [pl]", "Epoch [ru]"]}}]',8,1,2);
INSERT INTO django_admin_log VALUES(221,'2023-03-05 17:07:51.220156','45','Veduta - primitivism','[{"changed": {"fields": ["Title [en]", "Title [ru]", "Epoch [en]", "Epoch [de]", "Epoch [pl]", "Epoch [ru]"]}}]',8,1,2);
INSERT INTO django_admin_log VALUES(222,'2023-03-05 17:09:01.405381','46','A boat in the rays of the sun - oil','[{"changed": {"fields": ["Epoch [en]", "Epoch [de]", "Epoch [pl]", "Epoch [ru]", "Country [en]", "Country [de]", "Country [pl]", "Country [ru]"]}}]',8,1,2);
INSERT INTO django_admin_log VALUES(223,'2023-03-05 17:09:43.271505','47','Landscape with sailboats','[{"changed": {"fields": ["Epoch [en]", "Epoch [de]", "Epoch [pl]", "Epoch [ru]"]}}]',8,1,2);
INSERT INTO django_admin_log VALUES(224,'2023-03-05 17:10:54.999373','49','Rural landscape','[{"changed": {"fields": ["Epoch [en]", "Epoch [de]", "Epoch [pl]", "Epoch [ru]"]}}]',8,1,2);
INSERT INTO django_admin_log VALUES(225,'2023-03-05 17:11:56.697866','57','English style park','[{"changed": {"fields": ["Epoch [en]", "Epoch [de]", "Epoch [pl]", "Epoch [ru]", "Year"]}}]',8,1,2);
INSERT INTO django_admin_log VALUES(226,'2023-03-05 17:18:14.717000','52','Boats in the port','[{"changed": {"fields": ["Epoch [en]", "Epoch [de]", "Epoch [pl]", "Epoch [ru]", "Country [en]", "Country [de]", "Country [pl]", "Country [ru]"]}}]',8,1,2);
INSERT INTO django_admin_log VALUES(227,'2023-03-05 17:19:52.177935','53','Smiling clown','[{"changed": {"fields": ["Epoch [en]", "Epoch [de]", "Epoch [pl]", "Epoch [ru]", "Country [en]", "Country [de]", "Country [pl]", "Country [ru]"]}}]',8,1,2);
INSERT INTO django_admin_log VALUES(228,'2023-03-05 17:40:24.529787','54','Abstraction - A woman full of mercy on the street','[{"changed": {"fields": ["Year", "Country [en]", "Country [de]", "Country [pl]", "Country [ru]"]}}]',8,1,2);
INSERT INTO django_admin_log VALUES(229,'2023-03-05 17:40:39.262696','54','Abstraction - A woman full of mercy on the street','[{"changed": {"fields": ["Epoch [en]", "Epoch [de]", "Epoch [pl]", "Epoch [ru]"]}}]',8,1,2);
INSERT INTO django_admin_log VALUES(230,'2023-03-05 17:42:16.531452','55','Woman in bed','[{"changed": {"fields": ["Epoch [en]", "Epoch [de]", "Epoch [pl]", "Epoch [ru]", "Year", "Country [en]", "Country [de]", "Country [pl]", "Country [ru]"]}}]',8,1,2);
INSERT INTO django_admin_log VALUES(231,'2023-03-05 17:42:47.174293','57','English style park','[]',8,1,2);
INSERT INTO django_admin_log VALUES(232,'2023-03-05 17:44:35.807483','58','A homely village','[{"changed": {"fields": ["Epoch [en]", "Epoch [de]", "Epoch [pl]", "Epoch [ru]"]}}]',8,1,2);
INSERT INTO django_admin_log VALUES(233,'2023-03-05 17:44:53.396706','59','Highlander''s huts in Zakopane','[{"changed": {"fields": ["Epoch [en]", "Epoch [de]", "Epoch [pl]", "Epoch [ru]"]}}]',8,1,2);
INSERT INTO django_admin_log VALUES(234,'2023-03-05 17:47:13.055082','5','1801-1900','[{"added": {}}]',7,1,1);
INSERT INTO django_admin_log VALUES(235,'2023-03-05 17:47:43.246328','61','Flowers','[{"changed": {"fields": ["Epoch [en]", "Epoch [de]", "Epoch [pl]", "Epoch [ru]"]}}]',8,1,2);
INSERT INTO django_admin_log VALUES(236,'2023-03-05 18:45:20.957646','12','J.W.','[{"changed": {"fields": ["Author [en]", "Author [de]", "Author [pl]", "Author [ru]"]}}]',9,1,2);
INSERT INTO django_admin_log VALUES(237,'2023-03-05 19:03:03.824693','4','2001 +','[{"changed": {"fields": ["Epoch [en]", "Epoch [de]", "Epoch [pl]", "Epoch [ru]"]}}]',7,1,2);
INSERT INTO django_admin_log VALUES(238,'2023-03-05 19:03:24.153321','3','1901-2000','[{"changed": {"fields": ["Epoch [en]", "Epoch [de]", "Epoch [pl]", "Epoch [ru]", "Slug"]}}]',7,1,2);
INSERT INTO django_admin_log VALUES(239,'2023-03-05 19:14:41.915874','62','Wanderer','[{"changed": {"fields": ["Epoch [en]", "Epoch [de]", "Epoch [pl]", "Epoch [ru]"]}}]',8,1,2);
INSERT INTO django_admin_log VALUES(240,'2023-03-05 19:16:59.514824','63','Expression landscape','[{"changed": {"fields": ["Epoch [en]", "Epoch [de]", "Epoch [pl]", "Epoch [ru]", "Country [en]", "Country [de]", "Country [pl]", "Country [ru]"]}}]',8,1,2);
INSERT INTO django_admin_log VALUES(241,'2023-03-05 19:17:22.205836','64','Sailboats at sunset','[{"changed": {"fields": ["Epoch [en]", "Epoch [de]", "Epoch [pl]", "Epoch [ru]"]}}]',8,1,2);
INSERT INTO django_admin_log VALUES(242,'2023-03-05 19:18:15.190462','65','Landscape','[{"changed": {"fields": ["Title [en]", "Epoch [en]", "Epoch [de]", "Epoch [pl]", "Epoch [ru]"]}}]',8,1,2);
INSERT INTO django_admin_log VALUES(243,'2023-03-05 19:18:57.523315','67','Trees in a madman''s vision','[{"changed": {"fields": ["Title [en]", "Epoch [en]", "Epoch [de]", "Epoch [pl]", "Epoch [ru]"]}}]',8,1,2);
INSERT INTO django_admin_log VALUES(244,'2023-03-05 19:19:52.088517','68','Boats on the water','[{"changed": {"fields": ["Epoch [en]", "Epoch [de]", "Epoch [pl]", "Epoch [ru]", "Country [en]", "Country [de]", "Country [pl]", "Country [ru]"]}}]',8,1,2);
INSERT INTO django_admin_log VALUES(245,'2023-03-05 19:20:57.057330','69','Death memorial silent watercolor lake','[{"changed": {"fields": ["Epoch [en]", "Epoch [de]", "Epoch [pl]", "Epoch [ru]"]}}]',8,1,2);
INSERT INTO django_admin_log VALUES(246,'2023-03-05 19:21:49.401326','71','Copy of Modigliani','[{"changed": {"fields": ["Epoch [en]", "Epoch [de]", "Epoch [pl]", "Epoch [ru]", "Country [en]", "Country [de]", "Country [pl]", "Country [ru]"]}}]',8,1,2);
INSERT INTO django_admin_log VALUES(247,'2023-03-05 19:23:18.671871','73','The element of the sea','[{"changed": {"fields": ["Epoch [en]", "Epoch [de]", "Epoch [pl]", "Epoch [ru]", "Country [en]", "Country [de]", "Country [pl]", "Country [ru]"]}}]',8,1,2);
INSERT INTO django_admin_log VALUES(248,'2023-03-05 19:23:59.221817','74','Settlement in the forest','[{"changed": {"fields": ["Epoch [en]", "Epoch [de]", "Epoch [pl]", "Epoch [ru]"]}}]',8,1,2);
INSERT INTO django_admin_log VALUES(249,'2023-03-05 19:24:17.985793','75','Country road with stone stacks','[{"changed": {"fields": ["Epoch [en]", "Epoch [de]", "Epoch [pl]", "Epoch [ru]"]}}]',8,1,2);
INSERT INTO django_admin_log VALUES(250,'2023-03-05 19:28:37.666649','77','Southern style landscape','[{"changed": {"fields": ["Epoch [en]", "Epoch [de]", "Epoch [pl]", "Epoch [ru]"]}}]',8,1,2);
INSERT INTO django_admin_log VALUES(251,'2023-03-05 19:29:00.111296','78','View','[{"changed": {"fields": ["Epoch [en]", "Epoch [de]", "Epoch [pl]", "Epoch [ru]"]}}]',8,1,2);
INSERT INTO django_admin_log VALUES(252,'2023-03-05 19:29:41.926853','79','Dark forest','[{"changed": {"fields": ["Epoch [en]", "Epoch [de]", "Epoch [pl]", "Epoch [ru]"]}}]',8,1,2);
INSERT INTO django_admin_log VALUES(253,'2023-03-05 19:30:13.658462','80','Landscape with a lake','[{"changed": {"fields": ["Epoch [en]", "Epoch [de]", "Epoch [pl]", "Epoch [ru]"]}}]',8,1,2);
INSERT INTO django_admin_log VALUES(254,'2023-03-05 19:30:49.188917','81','Beehives in Ukraine','[{"changed": {"fields": ["Epoch [en]", "Epoch [de]", "Epoch [pl]", "Epoch [ru]"]}}]',8,1,2);
INSERT INTO django_admin_log VALUES(255,'2023-03-05 19:31:05.721268','82','Lighthouse - landscapes of Denmark','[{"changed": {"fields": ["Epoch [en]", "Epoch [de]", "Epoch [pl]", "Epoch [ru]"]}}]',8,1,2);
INSERT INTO django_admin_log VALUES(256,'2023-03-05 19:31:42.767010','83','Mountain expression','[{"changed": {"fields": ["Epoch [en]", "Epoch [de]", "Epoch [pl]", "Epoch [ru]", "Country [en]", "Country [de]", "Country [pl]", "Country [ru]"]}}]',8,1,2);
INSERT INTO django_admin_log VALUES(257,'2023-03-05 19:32:40.749870','84','Sailing boat in the port','[]',8,1,2);
INSERT INTO django_admin_log VALUES(258,'2023-03-05 19:36:53.559827','4','2001 - ...','[{"changed": {"fields": ["Epoch [en]", "Epoch [de]", "Epoch [pl]", "Epoch [ru]"]}}]',7,1,2);
INSERT INTO django_admin_log VALUES(259,'2023-03-05 19:38:28.434160','4','2001- ...','[{"changed": {"fields": ["Epoch [en]", "Epoch [de]", "Epoch [pl]", "Epoch [ru]"]}}]',7,1,2);
INSERT INTO django_admin_log VALUES(260,'2023-03-05 20:56:49.959324','4','2001- .+.','[{"changed": {"fields": ["Epoch [en]", "Epoch [de]", "Epoch [pl]", "Epoch [ru]"]}}]',7,1,2);
INSERT INTO django_admin_log VALUES(261,'2023-03-05 20:59:47.777040','4','2001- ...','[{"changed": {"fields": ["Epoch [en]", "Epoch [de]", "Epoch [pl]", "Epoch [ru]"]}}]',7,1,2);
INSERT INTO django_admin_log VALUES(262,'2023-03-05 21:03:59.590112','3','author unknown','[{"changed": {"fields": ["Author [en]"]}}]',9,1,2);
INSERT INTO django_admin_log VALUES(263,'2023-03-05 21:05:05.104050','3','- author unknown -','[{"changed": {"fields": ["Author [en]", "Author [de]", "Author [pl]", "Author [ru]"]}}]',9,1,2);
INSERT INTO django_admin_log VALUES(264,'2023-03-05 21:22:18.867170','39','A.C.','',9,1,3);
INSERT INTO django_admin_log VALUES(265,'2023-03-05 21:23:39.853759','16','Hugo Palmgirst','[{"changed": {"fields": ["Author [de]", "Author [pl]", "Author [ru]"]}}]',9,1,2);
INSERT INTO django_admin_log VALUES(266,'2023-03-18 11:13:59.186526','2','sammler_admin','[{"changed": {"fields": ["Email address"]}}]',4,1,2);
INSERT INTO django_admin_log VALUES(267,'2023-03-18 11:15:57.266585','2','sammler_admin','[{"changed": {"fields": ["password"]}}]',4,1,2);
INSERT INTO django_admin_log VALUES(268,'2023-03-18 11:16:02.145806','2','sammler_admin','[]',4,1,2);
CREATE TABLE IF NOT EXISTS "django_content_type" ("id" integer NOT NULL PRIMARY KEY AUTOINCREMENT, "app_label" varchar(100) NOT NULL, "model" varchar(100) NOT NULL);
INSERT INTO django_content_type VALUES(1,'admin','logentry');
INSERT INTO django_content_type VALUES(2,'auth','permission');
INSERT INTO django_content_type VALUES(3,'auth','group');
INSERT INTO django_content_type VALUES(4,'auth','user');
INSERT INTO django_content_type VALUES(5,'contenttypes','contenttype');
INSERT INTO django_content_type VALUES(6,'sessions','session');
INSERT INTO django_content_type VALUES(7,'blog','epoch');
INSERT INTO django_content_type VALUES(8,'blog','picture');
INSERT INTO django_content_type VALUES(9,'blog','author');
CREATE TABLE IF NOT EXISTS "auth_permission" ("id" integer NOT NULL PRIMARY KEY AUTOINCREMENT, "content_type_id" integer NOT NULL REFERENCES "django_content_type" ("id") DEFERRABLE INITIALLY DEFERRED, "codename" varchar(100) NOT NULL, "name" varchar(255) NOT NULL);
INSERT INTO auth_permission VALUES(1,1,'add_logentry','Can add log entry');
INSERT INTO auth_permission VALUES(2,1,'change_logentry','Can change log entry');
INSERT INTO auth_permission VALUES(3,1,'delete_logentry','Can delete log entry');
INSERT INTO auth_permission VALUES(4,1,'view_logentry','Can view log entry');
INSERT INTO auth_permission VALUES(5,2,'add_permission','Can add permission');
INSERT INTO auth_permission VALUES(6,2,'change_permission','Can change permission');
INSERT INTO auth_permission VALUES(7,2,'delete_permission','Can delete permission');
INSERT INTO auth_permission VALUES(8,2,'view_permission','Can view permission');
INSERT INTO auth_permission VALUES(9,3,'add_group','Can add group');
INSERT INTO auth_permission VALUES(10,3,'change_group','Can change group');
INSERT INTO auth_permission VALUES(11,3,'delete_group','Can delete group');
INSERT INTO auth_permission VALUES(12,3,'view_group','Can view group');
INSERT INTO auth_permission VALUES(13,4,'add_user','Can add user');
INSERT INTO auth_permission VALUES(14,4,'change_user','Can change user');
INSERT INTO auth_permission VALUES(15,4,'delete_user','Can delete user');
INSERT INTO auth_permission VALUES(16,4,'view_user','Can view user');
INSERT INTO auth_permission VALUES(17,5,'add_contenttype','Can add content type');
INSERT INTO auth_permission VALUES(18,5,'change_contenttype','Can change content type');
INSERT INTO auth_permission VALUES(19,5,'delete_contenttype','Can delete content type');
INSERT INTO auth_permission VALUES(20,5,'view_contenttype','Can view content type');
INSERT INTO auth_permission VALUES(21,6,'add_session','Can add session');
INSERT INTO auth_permission VALUES(22,6,'change_session','Can change session');
INSERT INTO auth_permission VALUES(23,6,'delete_session','Can delete session');
INSERT INTO auth_permission VALUES(24,6,'view_session','Can view session');
INSERT INTO auth_permission VALUES(25,7,'add_epoch','Can add Epoch');
INSERT INTO auth_permission VALUES(26,7,'change_epoch','Can change Epoch');
INSERT INTO auth_permission VALUES(27,7,'delete_epoch','Can delete Epoch');
INSERT INTO auth_permission VALUES(28,7,'view_epoch','Can view Epoch');
INSERT INTO auth_permission VALUES(29,8,'add_picture','Can add picture');
INSERT INTO auth_permission VALUES(30,8,'change_picture','Can change picture');
INSERT INTO auth_permission VALUES(31,8,'delete_picture','Can delete picture');
INSERT INTO auth_permission VALUES(32,8,'view_picture','Can view picture');
INSERT INTO auth_permission VALUES(33,9,'add_author','Can add Author');
INSERT INTO auth_permission VALUES(34,9,'change_author','Can change Author');
INSERT INTO auth_permission VALUES(35,9,'delete_author','Can delete Author');
INSERT INTO auth_permission VALUES(36,9,'view_author','Can view Author');
CREATE TABLE IF NOT EXISTS "auth_group" ("id" integer NOT NULL PRIMARY KEY AUTOINCREMENT, "name" varchar(150) NOT NULL UNIQUE);
CREATE TABLE IF NOT EXISTS "auth_user" ("id" integer NOT NULL PRIMARY KEY AUTOINCREMENT, "password" varchar(128) NOT NULL, "last_login" datetime NULL, "is_superuser" bool NOT NULL, "username" varchar(150) NOT NULL UNIQUE, "last_name" varchar(150) NOT NULL, "email" varchar(254) NOT NULL, "is_staff" bool NOT NULL, "is_active" bool NOT NULL, "date_joined" datetime NOT NULL, "first_name" varchar(150) NOT NULL);
INSERT INTO auth_user VALUES(1,'pbkdf2_sha256$260000$elmioHzJjdOBDChq4fTTku$QPDqexAEDnbEmBByeWhNJFsicu0/toMjUDiNXXRku6w=','2023-03-18 11:15:05.908693',1,'admin','','ad.ad@admin.com',1,1,'2022-10-09 09:21:25.249090','');
INSERT INTO auth_user VALUES(2,'pbkdf2_sha256$260000$lMvhpckWIrqCwSnedJKnBZ$yu817mWxlx1jAj++zk1StnN218qNpnDAPs15636MImg=','2023-03-18 11:16:25.488431',1,'sammler_admin','','sammlerverkauft@gmail.com',1,1,'2023-03-06 09:26:03','');
CREATE TABLE IF NOT EXISTS "django_session" ("session_key" varchar(40) NOT NULL PRIMARY KEY, "session_data" text NOT NULL, "expire_date" datetime NOT NULL);
INSERT INTO django_session VALUES('hxv2ybdqzsavvo43sebuzkowis4cjytk','.eJxVjMsOwiAQRf-FtSGAw8ul-34DAWaQqoGktCvjv2uTLnR7zzn3xULc1hq2QUuYkV2YZKffLcX8oLYDvMd26zz3ti5z4rvCDzr41JGe18P9O6hx1G_ttS5CgQISzkYPThbvrSEnDLokBemCRJYwYgbtTMno81kBEGabvGHvD9HiOCs:1ohSV9:b5WPT4dDUQsMyEmXigs_eUxa5VbbX3DE6iS9i_m-wEA','2022-10-23 09:21:39.406554');
INSERT INTO django_session VALUES('ay579sfxqvpqzrx2ypn5qva0cgtox0xz','.eJxVjMsOwiAQRf-FtSGAw8ul-34DAWaQqoGktCvjv2uTLnR7zzn3xULc1hq2QUuYkV2YZKffLcX8oLYDvMd26zz3ti5z4rvCDzr41JGe18P9O6hx1G_ttS5CgQISzkYPThbvrSEnDLokBemCRJYwYgbtTMno81kBEGabvGHvD9HiOCs:1ohU1V:Pkso46D1S9E8P7S2iKPC-uE8qHuN9GGNQj57B3Apldo','2022-10-23 10:59:09.578603');
INSERT INTO django_session VALUES('m293z9uealfb5r5mp669sdqb5aj4egde','.eJxVjMsOwiAQRf-FtSGAw8ul-34DAWaQqoGktCvjv2uTLnR7zzn3xULc1hq2QUuYkV2YZKffLcX8oLYDvMd26zz3ti5z4rvCDzr41JGe18P9O6hx1G_ttS5CgQISzkYPThbvrSEnDLokBemCRJYwYgbtTMno81kBEGabvGHvD9HiOCs:1ohy6z:11114BB3n6-GDdLwl5t6G61YrzQN-Gvc1-SSJ7k_2zc','2022-10-24 19:06:49.916634');
INSERT INTO django_session VALUES('6nnxtqvtu6qnepwnhejg7hej4t8jyfh0','.eJxVjMsOwiAQRf-FtSGAw8ul-34DAWaQqoGktCvjv2uTLnR7zzn3xULc1hq2QUuYkV2YZKffLcX8oLYDvMd26zz3ti5z4rvCDzr41JGe18P9O6hx1G_ttS5CgQISzkYPThbvrSEnDLokBemCRJYwYgbtTMno81kBEGabvGHvD9HiOCs:1oicAd:bsZ6cA97jA-yaoaQzuU6OmpvDkUSRr_wpz8thhnlo5s','2022-10-26 13:53:15.879722');
INSERT INTO django_session VALUES('axrqwv1pwkc83dnuigbu7li3d9sisull','.eJxVjMsOwiAQRf-FtSGAw8ul-34DAWaQqoGktCvjv2uTLnR7zzn3xULc1hq2QUuYkV2YZKffLcX8oLYDvMd26zz3ti5z4rvCDzr41JGe18P9O6hx1G_ttS5CgQISzkYPThbvrSEnDLokBemCRJYwYgbtTMno81kBEGabvGHvD9HiOCs:1on2aZ:Re1raXBYwuhGBDNwax1Vd48r7EOBfynqI6bNPPLekCA','2022-11-07 18:54:19.388077');
INSERT INTO django_session VALUES('kkim4wm86k7nfpf90p0m8k1ahby4iuln','.eJxVjMsOwiAQRf-FtSGAw8ul-34DAWaQqoGktCvjv2uTLnR7zzn3xULc1hq2QUuYkV2YZKffLcX8oLYDvMd26zz3ti5z4rvCDzr41JGe18P9O6hx1G_ttS5CgQISzkYPThbvrSEnDLokBemCRJYwYgbtTMno81kBEGabvGHvD9HiOCs:1opmZ1:iDuN0Jc81L5VSg9LjA9YqW8FxL_wTUmePugFYi10Wh8','2022-11-15 08:24:03.592577');
INSERT INTO django_session VALUES('2s4nrmcyao198qqxxgut4bg3w91itolm','.eJxVjMsOwiAQRf-FtSGAw8ul-34DAWaQqoGktCvjv2uTLnR7zzn3xULc1hq2QUuYkV2YZKffLcX8oLYDvMd26zz3ti5z4rvCDzr41JGe18P9O6hx1G_ttS5CgQISzkYPThbvrSEnDLokBemCRJYwYgbtTMno81kBEGabvGHvD9HiOCs:1oppHw:qB2FuvaemL4pKwAyj2-DIRluXrGN876_Meep8Ffxbiw','2022-11-15 11:18:36.594438');
INSERT INTO django_session VALUES('gw1pgh2rugx4hszhdt7ayci0zv2z8tl6','.eJxVjMsOwiAQRf-FtSGAw8ul-34DAWaQqoGktCvjv2uTLnR7zzn3xULc1hq2QUuYkV2YZKffLcX8oLYDvMd26zz3ti5z4rvCDzr41JGe18P9O6hx1G_ttS5CgQISzkYPThbvrSEnDLokBemCRJYwYgbtTMno81kBEGabvGHvD9HiOCs:1osgGU:9k8DBGVGhl_Mr8vkPZAcACZ8oMgx9T0z5dnT86zunQg','2022-11-23 08:16:54.605655');
INSERT INTO django_session VALUES('ogrdzny843huhfft75fdifmbi39ry3mx','.eJxVjMsOwiAQRf-FtSGAw8ul-34DAWaQqoGktCvjv2uTLnR7zzn3xULc1hq2QUuYkV2YZKffLcX8oLYDvMd26zz3ti5z4rvCDzr41JGe18P9O6hx1G_ttS5CgQISzkYPThbvrSEnDLokBemCRJYwYgbtTMno81kBEGabvGHvD9HiOCs:1p1lZJ:uf8dbV4ijapiFqF_gQ4CFeflKs2VPM8rnJGaDI8k0io','2022-12-18 09:45:53.249641');
INSERT INTO django_session VALUES('44axw1vu1sfjsoxmget0dni6fss1rm10','.eJxVjDsOwjAQBe_iGlmR179Q0nMGy-td4wBypDipIu6OI6WA9s282UWI21rC1ngJE4mrUOLyu2FML64HoGesj1mmua7LhPJQ5EmbvM_E79vp_gVKbKW_0emcLSUAUnZ0xiNaYMIBeiOzSaPyYFkPkbwjhd0CZbJWVruIkMXnCwAgOGc:1pZ77M:queHZEQ4ujiCaxVOxeUc8LsnHXzo_4MBJfjeGaD7ybY','2023-03-20 09:26:52.166815');
INSERT INTO django_session VALUES('qz8feyl48ii4pr01g37qmgdlquhsoggl','.eJxVjDsOwjAQBe_iGllx1r-lpM8ZrPUPB5AtxUmFuDuJlALaNzPvzRxta3FbT4ubI7uykV1-N0_hmeoB4oPqvfHQ6rrMnh8KP2nnU4vpdTvdv4NCvew1BooAOVoFQ7IE2UgNEgPCaP3gLSIorZNQBklqNOAziJ1CiFoJQ-zzBc74NwQ:1pdUXx:PPwQbIi4nE2gKZpIuNbhZzkafc2nLnPOQfNXT-9AQqc','2023-04-01 11:16:25.495508');
CREATE TABLE IF NOT EXISTS "blog_author" ("id" integer NOT NULL PRIMARY KEY AUTOINCREMENT, "author" varchar(200) NOT NULL, "slug" varchar(200) NOT NULL UNIQUE, "discription" text NULL, "author_de" varchar(200) NULL, "author_en" varchar(200) NULL, "author_pl" varchar(200) NULL, "author_ru" varchar(200) NULL, "discription_de" text NULL, "discription_en" text NULL, "discription_pl" text NULL, "discription_ru" text NULL);
INSERT INTO blog_author VALUES(3,'- author unknown -','author-unknown',NULL,'- Autor unbekannt -','- author unknown -','- autor nieznany -','- автор неизвестен -',NULL,NULL,NULL,NULL);
INSERT INTO blog_author VALUES(4,'M.F.','mf',NULL,'M.F.','M.F.','M.F.','M.F.',NULL,NULL,NULL,NULL);
INSERT INTO blog_author VALUES(5,'Purtse','purtse',NULL,'Purtse','Purtse','Purtse','Purtse',NULL,NULL,NULL,NULL);
INSERT INTO blog_author VALUES(7,'A. Matche','a-matche',NULL,'A. Matche','A. Matche','A. Matche','A. Matche',NULL,NULL,NULL,NULL);
INSERT INTO blog_author VALUES(8,'T.Kantor','tkantor',NULL,'T.Kantor','T.Kantor','T.Kantor','T.Kantor',NULL,NULL,NULL,NULL);
INSERT INTO blog_author VALUES(9,'Cardus','cardus',NULL,'Cardus','Cardus','Cardus','Cardus',NULL,NULL,NULL,NULL);
INSERT INTO blog_author VALUES(10,'Albin Egger','albin-egger',NULL,'Albin Egger','Albin Egger','Albin Egger','Albin Egger',NULL,NULL,NULL,NULL);
INSERT INTO blog_author VALUES(11,'J. Brandt z Warszawy','j-brandt-z-warszawy',NULL,'J. Brandt z Warszawy','J. Brandt z Warszawy','J. Brandt z Warszawy','J. Brandt z Warszawy',NULL,NULL,NULL,NULL);
INSERT INTO blog_author VALUES(12,'J.W.','jw',NULL,'J.W.','J.W.','J.W.','J.W.',NULL,NULL,NULL,NULL);
INSERT INTO blog_author VALUES(13,'Lesoklińska Galeria Grodno','lesoklinska-galeria-grodno',NULL,'Lesoklińska Galeria Grodno','Lesoklińska Galeria Grodno','Lesoklińska Galeria Grodno','Lesoklińska Galeria Grodno',NULL,NULL,NULL,NULL);
INSERT INTO blog_author VALUES(14,'A .Hofman','a-hofman',NULL,'A .Hofman','A .Hofman','A .Hofman','A .Hofman',NULL,NULL,NULL,NULL);
INSERT INTO blog_author VALUES(15,'Jakubowsky','jakubowsky',NULL,'Jakubowsky','Jakubowsky','Jakubowsky','Jakubowsky',NULL,NULL,NULL,NULL);
INSERT INTO blog_author VALUES(16,'Hugo Palmgirst','hugo-palmgirst',NULL,'Hugo Palmgirst','Hugo Palmgirst','Hugo Palmgirst','Hugo Palmgirst',NULL,NULL,NULL,NULL);
INSERT INTO blog_author VALUES(17,'J.Kossman','jkossman',NULL,'J.Kossman','J.Kossman','J.Kossman','J.Kossman',NULL,NULL,NULL,NULL);
INSERT INTO blog_author VALUES(18,'R.Szeliga','rszeliga',NULL,'R.Szeliga','R.Szeliga','R.Szeliga','R.Szeliga',NULL,NULL,NULL,NULL);
INSERT INTO blog_author VALUES(19,'Sacor','sacor',NULL,'Sacor','Sacor','Sacor','Sacor',NULL,NULL,NULL,NULL);
INSERT INTO blog_author VALUES(20,'W.Korecki','wkorecki',NULL,'W.Korecki','W.Korecki','W.Korecki','W.Korecki',NULL,NULL,NULL,NULL);
INSERT INTO blog_author VALUES(21,'F.L.','fl',NULL,'F.L.','F.L.','F.L.','F.L.',NULL,NULL,NULL,NULL);
INSERT INTO blog_author VALUES(22,'J. Roschow','j-roschow',NULL,'J. Roschow','J. Roschow','J. Roschow','J. Roschow',NULL,NULL,NULL,NULL);
INSERT INTO blog_author VALUES(23,'J. Fałat','j-falat',NULL,'J. Fałat','J. Fałat','J. Fałat','J. Fałat',NULL,NULL,NULL,NULL);
INSERT INTO blog_author VALUES(24,'P. Rondlor','p-rondlor',NULL,'P. Rondlor','P. Rondlor','P. Rondlor','P. Rondlor',NULL,NULL,NULL,NULL);
INSERT INTO blog_author VALUES(25,'J.H.','jh',NULL,'J.H.','J.H.','J.H.','J.H.',NULL,NULL,NULL,NULL);
INSERT INTO blog_author VALUES(26,'L.Ekelund','lekelund',NULL,'L.Ekelund','L.Ekelund','L.Ekelund','L.Ekelund',NULL,NULL,NULL,NULL);
INSERT INTO blog_author VALUES(27,'L 56','l-56',NULL,'L 56','L 56','L 56','L 56',NULL,NULL,NULL,NULL);
INSERT INTO blog_author VALUES(28,'E. Ebel','e-ebel',NULL,'E. Ebel','E. Ebel','E. Ebel','E. Ebel',NULL,NULL,NULL,NULL);
INSERT INTO blog_author VALUES(29,'E.Esch','eesch',NULL,'E.Esch','E.Esch','E.Esch','E.Esch',NULL,NULL,NULL,NULL);
INSERT INTO blog_author VALUES(30,'E. Bizi- BÖCK','e-bizi-bock',NULL,'E. Bizi- BÖCK','E. Bizi- BÖCK','E. Bizi- BÖCK','E. Bizi- BÖCK',NULL,NULL,NULL,NULL);
INSERT INTO blog_author VALUES(31,'Svend Óstergaard','svend-ostergaard',NULL,'Svend Óstergaard','Svend Óstergaard','Svend Óstergaard','Svend Óstergaard',NULL,NULL,NULL,NULL);
INSERT INTO blog_author VALUES(32,'J. Heröd','j-herod',NULL,'J. Heröd','J. Heröd','J. Heröd','J. Heröd',NULL,NULL,NULL,NULL);
INSERT INTO blog_author VALUES(33,'K.E. Hrid','ke-hrid',NULL,'K.E. Hrid','K.E. Hrid','K.E. Hrid','K.E. Hrid',NULL,NULL,NULL,NULL);
INSERT INTO blog_author VALUES(34,'Maurycy  Trębacz','maurycy-trebacz',NULL,'Maurycy  Trębacz','Maurycy  Trębacz','Maurycy  Trębacz','Maurycy  Trębacz',NULL,NULL,NULL,NULL);
INSERT INTO blog_author VALUES(35,'K. J.','k-j',NULL,'K. J.','K. J.','K. J.','K. J.',NULL,NULL,NULL,NULL);
INSERT INTO blog_author VALUES(36,'M. Labe','m-labe',NULL,'M. Labe','M. Labe','M. Labe','M. Labe',NULL,NULL,NULL,NULL);
INSERT INTO blog_author VALUES(37,'H. Yiting','h-yiting',NULL,'H. Yiting','H. Yiting','H. Yiting','H. Yiting',NULL,NULL,NULL,NULL);
INSERT INTO blog_author VALUES(38,'S. Arvilson','s-arvilson',NULL,'S. Arvilson','S. Arvilson','S. Arvilson','S. Arvilson',NULL,NULL,NULL,NULL);
INSERT INTO blog_author VALUES(40,'Emill Hildebrandt','emill-hildebrandt',NULL,'Emill Hildebrandt','Emill Hildebrandt','Emill Hildebrandt','Emill Hildebrandt',NULL,NULL,NULL,NULL);
INSERT INTO blog_author VALUES(41,'C. G.','c-g',NULL,'C. G.','C. G.','C. G.','C. G.',NULL,NULL,NULL,NULL);
INSERT INTO blog_author VALUES(42,'J.H .Stanisławski','jh-stanislawski',NULL,'J.H .Stanisławski','J.H .Stanisławski','J.H .Stanisławski','J.H .Stanisławski',NULL,NULL,NULL,NULL);
INSERT INTO blog_author VALUES(43,'B. Tomee','b-tomee',NULL,'B. Tomee','B. Tomee','B. Tomee','B. Tomee',NULL,NULL,NULL,NULL);
INSERT INTO blog_author VALUES(44,'E. Ammell','e-ammell',NULL,'E. Ammell','E. Ammell','E. Ammell','E. Ammell',NULL,NULL,NULL,NULL);
CREATE TABLE IF NOT EXISTS "blog_epoch" ("id" integer NOT NULL PRIMARY KEY AUTOINCREMENT, "epoch" varchar(200) NOT NULL, "slug" varchar(200) NOT NULL UNIQUE, "discription" text NULL, "discription_de" text NULL, "discription_en" text NULL, "discription_pl" text NULL, "discription_ru" text NULL, "epoch_de" varchar(200) NULL, "epoch_en" varchar(200) NULL, "epoch_pl" varchar(200) NULL, "epoch_ru" varchar(200) NULL);
INSERT INTO blog_epoch VALUES(2,'unknown','unknown',NULL,NULL,NULL,NULL,NULL,'unbekannt','unknown','nieznany','неизвестен');
INSERT INTO blog_epoch VALUES(3,'1901-2000','1901-2000',NULL,NULL,NULL,NULL,NULL,'1901-2000','1901-2000','1901-2000','1901-2000');
INSERT INTO blog_epoch VALUES(4,'2001- ...','2000',NULL,NULL,NULL,NULL,NULL,'2001- ...','2001- ...','2001- ...','2001- ...');
INSERT INTO blog_epoch VALUES(5,'1801-1900','1801-1900',NULL,NULL,NULL,NULL,NULL,'1801-1900','1801-1900','1801-1900','1801-1900');
CREATE TABLE IF NOT EXISTS "blog_picture" ("id" integer NOT NULL PRIMARY KEY AUTOINCREMENT, "title" varchar(200) NOT NULL, "slug" varchar(200) NOT NULL, "country" varchar(200) NOT NULL, "publish" datetime NOT NULL, "created" datetime NOT NULL, "updated" datetime NOT NULL, "status" varchar(10) NOT NULL, "image" varchar(100) NOT NULL, "author_id" bigint NOT NULL REFERENCES "blog_author" ("id") DEFERRABLE INITIALLY DEFERRED, "epoch_id" bigint NOT NULL REFERENCES "blog_epoch" ("id") DEFERRABLE INITIALLY DEFERRED, "author_de_id" bigint NULL REFERENCES "blog_author" ("id") DEFERRABLE INITIALLY DEFERRED, "author_en_id" bigint NULL REFERENCES "blog_author" ("id") DEFERRABLE INITIALLY DEFERRED, "author_pl_id" bigint NULL REFERENCES "blog_author" ("id") DEFERRABLE INITIALLY DEFERRED, "author_ru_id" bigint NULL REFERENCES "blog_author" ("id") DEFERRABLE INITIALLY DEFERRED, "country_de" varchar(200) NULL, "country_en" varchar(200) NULL, "country_pl" varchar(200) NULL, "country_ru" varchar(200) NULL, "epoch_de_id" bigint NULL REFERENCES "blog_epoch" ("id") DEFERRABLE INITIALLY DEFERRED, "epoch_en_id" bigint NULL REFERENCES "blog_epoch" ("id") DEFERRABLE INITIALLY DEFERRED, "epoch_pl_id" bigint NULL REFERENCES "blog_epoch" ("id") DEFERRABLE INITIALLY DEFERRED, "epoch_ru_id" bigint NULL REFERENCES "blog_epoch" ("id") DEFERRABLE INITIALLY DEFERRED, "title_de" varchar(200) NULL, "title_en" varchar(200) NULL, "title_pl" varchar(200) NULL, "title_ru" varchar(200) NULL, "height" integer NOT NULL, "length" integer NOT NULL, "year" varchar(200) NOT NULL);
INSERT INTO blog_picture VALUES(1,'Сarbon impression','sarbon-impression','','2023-02-28 17:42:18','2023-02-28 17:44:18.770029','2023-02-28 17:44:18.770047','published','images/1.jpg',3,2,3,3,3,3,NULL,NULL,NULL,NULL,2,2,2,2,'Kohlenstoff-Eindruck','Сarbon impression','Wycisk  carbon','углеродный слепок',31,25,'');
INSERT INTO blog_picture VALUES(2,'Chalk impression','chalk-impression','','2023-02-28 17:50:59','2023-02-28 17:54:03.130613','2023-02-28 17:54:03.130648','published','images/2.jpg',3,2,3,3,3,3,NULL,NULL,NULL,NULL,2,2,2,2,'Kreideabdruck','Chalk impression','Wycisk kreda','Оттиск мела',26,25,'');
INSERT INTO blog_picture VALUES(3,'Primitive landscape with a boat','primitive-landscape-with-a-boat','','2023-02-28 17:54:07','2023-02-28 17:57:15.037096','2023-02-28 17:57:15.037117','published','images/3.jpg',3,2,3,3,3,3,NULL,NULL,NULL,NULL,2,2,2,2,'primitive Landschaft mit einem Boot','Primitive landscape with a boat','krajobraz prymitywny z łódką','Примитивный пейзаж с лодкой',16,35,'');
INSERT INTO blog_picture VALUES(4,'African queen','african-queen','','2023-02-28 17:58:04','2023-02-28 17:59:44.230060','2023-03-05 16:35:45.213999','published','images/4.jpg',3,3,3,3,3,3,NULL,NULL,NULL,NULL,3,3,3,3,'Afrikanische Königin','African queen','Afrykańska królowa','Африканская королева',35,18,'');
INSERT INTO blog_picture VALUES(5,'African beauty','african-beauty','','2023-02-28 17:59:46','2023-02-28 18:01:39.496777','2023-02-28 18:03:50.121413','published','images/5.jpg',3,2,3,3,3,3,NULL,NULL,NULL,NULL,2,2,2,2,'Afrikanische Schönheit','African beauty','Afrikanische Königin','Африканская красавица',36,18,'');
INSERT INTO blog_picture VALUES(6,'Sea volcano - abstraction','sea-volcano-abstraction','Austria','2023-02-28 18:04:40','2023-02-28 18:06:21.992520','2023-03-05 16:40:04.444932','published','images/6.jpg',3,3,3,3,3,3,'Österreich','Austria','Austria','Австрия',3,3,3,3,'Seevulkan - Abstraktion','Sea volcano - abstraction','Morski wulkan- abstrakcja','Морской вулкан - абстракция',40,31,'');
INSERT INTO blog_picture VALUES(7,'Nike','nike','Austria','2023-02-28 18:10:32','2023-02-28 18:11:43.133304','2023-03-05 16:41:17.924641','published','images/7.jpg',4,3,4,4,4,4,'Österreich','Austria','Austria','Австрия',3,3,3,3,'Nike','Nike','Nike','Найк',39,30,'');
INSERT INTO blog_picture VALUES(8,'Watercolor variation with blots','watercolor-variation-with-blots','Vienna','2023-02-28 18:12:34','2023-02-28 18:15:27.156795','2023-03-05 16:43:50.363728','published','images/8.jpg',3,2,3,3,3,3,'Wien','Vienna','Wiedeń','Вена',2,2,2,2,'Aquarellvariation mit Flecken','Watercolor variation with blots','Akwarelowa wariacja z kleksami','Акварельная вариация с кляксами',35,30,'');
INSERT INTO blog_picture VALUES(16,'Variations on Matisse','variations-on-matisse','','2023-02-28 18:39:45','2023-02-28 18:40:30.998407','2023-02-28 18:40:30.998425','published','images/11_JFRadbp.jpg',7,2,7,7,7,7,NULL,NULL,NULL,NULL,2,2,2,2,'Segelboot im Hafen','Variations on Matisse','Łódka żaglowa w porcie','Вариации на тему Матисса',27,27,'');
INSERT INTO blog_picture VALUES(17,'Venus - act - graphics under glass','venus-act-graphics-under-glass','','2023-02-28 18:41:40','2023-02-28 18:42:48.232584','2023-03-05 16:47:01.895794','published','images/12.jpg',7,3,7,7,7,7,NULL,NULL,NULL,NULL,3,3,3,3,'Venus - Akt - Grafik unter Glas','Venus - act - graphics under glass','Venus- akt  - grafika pod szkłem','Венера - акт - графика под стеклом',34,26,'');
INSERT INTO blog_picture VALUES(18,'Liberated man','liberated-man','','2023-02-28 18:43:11','2023-02-28 18:44:35.504077','2023-03-05 16:47:24.443123','published','images/13.jpg',8,3,8,8,8,8,NULL,NULL,NULL,NULL,3,3,3,3,'Befreiter Mensch','Liberated man','Człowiek wyzwolony','Oсвобожденный человек',31,40,'');
INSERT INTO blog_picture VALUES(19,'Abstract Venus','abstract-venus','','2023-02-28 19:18:24','2023-02-28 19:19:17.612342','2023-03-05 16:47:51.834333','published','images/14.jpg',3,3,3,3,3,3,NULL,NULL,NULL,NULL,3,3,3,3,'Abstrakte Venus','Abstract Venus','Abstrakcyjna Venus','Абстрактная Венера',40,31,'');
INSERT INTO blog_picture VALUES(20,'Saint-Louis-Woman','saint-louis-woman','','2023-02-28 19:19:38','2023-02-28 19:21:18.350549','2023-02-28 19:21:18.350568','published','images/15.jpg',9,2,9,9,9,9,NULL,NULL,NULL,NULL,2,2,2,2,'Saint-Louis-Frau','Saint-Louis-Woman','Saint-Louis -Woman','Сен-Луи-Женщина',31,25,'');
INSERT INTO blog_picture VALUES(21,'Bukkake abstraction','bukkake-abstraction','','2023-02-28 19:21:23','2023-02-28 19:22:26.455950','2023-03-05 16:48:28.250509','published','images/16.jpg',3,3,3,3,3,3,NULL,NULL,NULL,NULL,3,3,3,3,'Bukkake-Abstraktion','Bukkake abstraction','Bukkake abstrakcja','буккаке абстракция',36,33,'');
INSERT INTO blog_picture VALUES(22,'Maze abstraction','maze-abstraction','','2023-02-28 19:22:28','2023-02-28 19:24:29.938164','2023-03-05 16:48:57.120589','published','images/18.jpg',7,3,7,7,7,7,NULL,NULL,NULL,NULL,3,3,3,3,'Labyrinth-Abstraktion','Maze abstraction','Abstrakcja Labirynt','Абстракция лабиринта',33,43,'');
INSERT INTO blog_picture VALUES(23,'Reaper','reaper','','2023-02-28 19:25:45','2023-02-28 19:27:29.604536','2023-03-05 16:49:15.364498','published','images/19.jpg',10,3,10,10,10,10,NULL,NULL,NULL,NULL,3,3,3,3,'Sensenmann','Reaper','żniwiarz','Жнец',42,33,'');
INSERT INTO blog_picture VALUES(24,'Horses in the meadow','horses-in-the-meadow','','2023-02-28 19:28:29','2023-02-28 19:29:59.959947','2023-03-05 16:49:36.707260','published','images/20.jpg',11,3,11,11,11,11,NULL,NULL,NULL,NULL,3,3,3,3,'Pferde auf der Wiese','Horses in the meadow','Konie na łące','Лошади на лугу',44,52,'');
INSERT INTO blog_picture VALUES(25,'Watercolor variation with 2 blots under glass','watercolor-variation-with-2-blots-under-glass','','2023-02-28 19:30:02','2023-02-28 19:31:42.268988','2023-02-28 19:31:42.269018','published','images/21.jpg',7,2,7,7,7,7,NULL,NULL,NULL,NULL,2,2,2,2,'Aquarellvariation mit 2 Klecksen unter Glas','Watercolor variation with 2 blots under glass','Akwarelowa wariacja z kleksami 2 pod szkłem','Акварельная вариация с 2 кляксами под стеклом',40,32,'');
INSERT INTO blog_picture VALUES(26,'People behind the fence abstraction','people-behind-the-fence-abstraction','','2023-02-28 19:31:44','2023-02-28 19:32:52.842362','2023-03-05 16:50:35.055217','published','images/22.jpg',7,3,7,7,7,7,NULL,NULL,NULL,NULL,3,3,3,3,'Menschen hinter der Zaunabstraktion','People behind the fence abstraction','Ludzie za płotem abstrakcja','Люди за абстракцией забора',32,40,'');
INSERT INTO blog_picture VALUES(28,'Declaration of love','declaration-of-love','','2023-02-28 19:35:39','2023-02-28 19:36:43.347057','2023-03-05 16:56:04.727303','published','images/25.jpg',13,4,13,13,13,13,NULL,NULL,NULL,NULL,4,4,4,4,'Liebeserklärung','Declaration of love','Wyznanie miłości','Заявление о любви',38,32,'2019');
INSERT INTO blog_picture VALUES(32,'Sailing ship in the port','sailing-ship-in-the-port','Austria','2023-02-28 19:47:54','2023-02-28 19:49:11.761434','2023-03-05 16:46:06.673915','published','images/26_gPcyDlD.jpg',3,3,3,3,3,3,'Wien','Austria','Wiedeń','Вена',3,3,3,3,'Segelschiff im Hafen','Sailing ship in the port','Żaglowiec w porcie','Парусник в порту',38,27,'1967');
INSERT INTO blog_picture VALUES(33,'Abstraction in black 2','abstraction-in-black-2','','2023-02-28 19:49:21','2023-02-28 19:51:04.415346','2023-02-28 19:51:04.415364','published','images/27_YP5ABMd.jpg',7,2,7,7,7,7,NULL,NULL,NULL,NULL,2,2,2,2,'Abstraktion in Schwarz 2','Abstraction in black 2','Abstrakcja w czerni 2','Абстракция в черном 2',32,41,'1963');
INSERT INTO blog_picture VALUES(34,'Abstraction - school chalkboard','abstraction-school-chalkboard','','2023-02-28 19:51:17','2023-02-28 19:52:31.408877','2023-02-28 19:52:31.408895','published','images/28.jpg',7,2,7,7,7,5,NULL,NULL,NULL,NULL,2,2,NULL,2,'Abstraktion - Schultafel','Abstraction - school chalkboard','Abstrakcja w czerni','Абстракция - школьная доска',41,34,'');
INSERT INTO blog_picture VALUES(35,'Abstraction in black','abstraction-in-black','','2023-02-28 19:52:34','2023-02-28 19:53:38.361680','2023-03-05 16:57:41.211523','published','images/29.jpg',3,3,3,3,3,3,NULL,NULL,NULL,NULL,3,3,3,3,'Abstraktion in Schwarz','Abstraction in black','Abstrakcja w czerni','Абстракция в черном',41,32,'');
INSERT INTO blog_picture VALUES(36,'Forest abstraction','forest-abstraction','','2023-02-28 19:53:40','2023-02-28 19:55:26.693430','2023-03-05 16:58:08.461214','published','images/30.jpg',7,3,7,7,7,7,NULL,NULL,NULL,NULL,3,3,3,3,'Waldabstraktion','Forest abstraction','Abstrakcja  las','Абстракция леса',41,32,'1967');
INSERT INTO blog_picture VALUES(37,'A bellerophon for our times','a-bellerophon-for-our-times','','2023-02-28 19:58:02','2023-02-28 20:00:05.797845','2023-02-28 20:00:05.797864','published','images/31.jpg',14,2,14,14,14,14,NULL,NULL,NULL,NULL,2,2,2,2,'Ein Bellerophon für unsere Zeit','A bellerophon for our times','Bellerofont na miarę naszych czasów','Беллерофон нашего времени',32,27,'');
INSERT INTO blog_picture VALUES(38,'Phoenix woman','phoenix-woman','Austria','2023-02-28 20:01:20','2023-02-28 20:02:07.514519','2023-03-05 16:59:16.578090','published','images/32.jpg',3,3,3,3,3,3,'Österreich','Austria','Austria','Австрия',3,3,3,3,'Frau Phönix','Phoenix woman','Kobieta  Feniks','Женщина-феникс',38,35,'');
INSERT INTO blog_picture VALUES(39,'Evening in the hamlet','evening-in-the-hamlet','','2023-02-28 20:06:34','2023-02-28 20:07:56.922713','2023-02-28 20:07:56.922731','published','images/34.jpg',16,2,16,16,16,16,NULL,NULL,NULL,NULL,2,2,2,2,'Abend im Weiler','Evening in the hamlet','Wieczór w przysiółku','Вечер в деревне',37,42,'');
INSERT INTO blog_picture VALUES(41,'Abstaction in the Labyrinth 2','abstaction-in-the-labyrinth-2','','2023-02-28 20:10:06','2023-02-28 20:19:05.293383','2023-03-05 17:00:36.699668','published','images/36.jpg',7,3,7,7,7,7,NULL,NULL,NULL,NULL,3,3,3,3,'Entrückung im Labyrinth 2','Abstaction in the Labyrinth 2','Abstakcja w Labiryncie 2','Воздержание в лабиринте 2',37,47,'');
INSERT INTO blog_picture VALUES(42,'Büchnenszone','buchnenszone','','2023-02-28 20:21:53','2023-02-28 20:23:47.234086','2023-03-05 17:01:07.091236','published','images/37.jpg',7,3,7,7,7,7,NULL,NULL,NULL,NULL,3,3,3,3,'Büchnenzone','Büchnenszone','Büchnenszone','Büchnenzone',35,33,'1964');
INSERT INTO blog_picture VALUES(43,'Man looking for his purpose','man-looking-for-his-purpose','Austria','2023-02-28 20:39:43','2023-02-28 20:41:26.325392','2023-03-05 17:03:04.052565','published','images/38.jpg',3,3,3,3,3,3,'Österreich','Austria','Austria','Австрия',3,3,3,3,'Mann auf der Suche nach seinem Zweck','Man looking for his purpose','Człowiek szukający  swojego celu','Человек ищет свое предназначение',40,32,'');
INSERT INTO blog_picture VALUES(44,'Country cottage','country-cottage','','2023-02-28 20:42:04','2023-02-28 20:43:17.329829','2023-03-05 17:03:25.885529','published','images/39.jpg',17,3,17,17,17,17,NULL,NULL,NULL,NULL,3,3,3,3,'Landhaus','Country cottage','Wiejska chata','Загородный коттедж',54,33,'1908');
INSERT INTO blog_picture VALUES(45,'Veduta - primitivism','veduta-primitivism','','2023-02-28 20:43:38','2023-02-28 20:46:07.406626','2023-03-05 17:07:51.217533','published','images/41.jpg',18,4,18,18,18,18,NULL,NULL,NULL,NULL,4,4,4,4,'Vedute - Primitivismus','Veduta - primitivism','Wiejska chata','Ведута - примитивизм',35,49,'2011');
INSERT INTO blog_picture VALUES(46,'A boat in the rays of the sun - oil','a-boat-in-the-rays-of-the-sun-oil','Austria','2023-02-28 20:46:22','2023-02-28 20:49:02.388862','2023-03-05 17:09:01.402200','published','images/42.jpg',3,3,3,3,3,3,'Österreich','Austria','Austria','Австрия',3,3,3,3,'Ein Boot in den Strahlen der Sonne - Öl','A boat in the rays of the sun - oil','Łódka w promieniach słońca - olej','Лодка в лучах солнца - масло',31,35,'');
INSERT INTO blog_picture VALUES(47,'Landscape with sailboats','landscape-with-sailboats','','2023-02-28 20:49:45','2023-02-28 20:52:00.018674','2023-03-05 17:09:43.269310','published','images/43.jpg',19,3,19,19,19,19,NULL,NULL,NULL,NULL,3,3,3,3,'Landschaft mit Segelbooten','Landscape with sailboats','Krajobraz z żaglówkami','Пейзаж с парусниками',34,44,'');
INSERT INTO blog_picture VALUES(48,'Winter huts','winter-huts','','2023-02-28 20:52:21','2023-02-28 20:57:14.585721','2023-02-28 20:57:14.585741','published','images/44.jpg',20,2,20,20,20,20,NULL,NULL,NULL,NULL,2,2,2,2,'Winterhütten','Winter huts','Zimowe chaty','Зимние хижины',30,36,'');
INSERT INTO blog_picture VALUES(49,'Rural landscape','rural-landscape','','2023-02-28 20:57:42','2023-02-28 20:59:36.877981','2023-03-05 17:10:54.996887','published','images/45.jpg',21,3,21,21,21,21,NULL,NULL,NULL,NULL,3,3,3,3,'Ländliche Landschaft','Rural landscape','Wiejski krajobraz','Cельский пейзаж',69,96,'');
INSERT INTO blog_picture VALUES(50,'Ducks by the pond','ducks-by-the-pond','','2023-02-28 21:00:01','2023-02-28 21:01:09.114749','2023-02-28 21:01:09.114767','published','images/46.jpg',22,2,22,22,22,22,NULL,NULL,NULL,NULL,2,2,2,2,'Enten am Teich','Ducks by the pond','Kaczki przy stawie','Утки у пруда',68,100,'');
INSERT INTO blog_picture VALUES(52,'Boats in the port','boats-in-the-port','Scandinavia','2023-02-28 21:07:50','2023-02-28 21:09:29.589377','2023-03-05 17:18:14.714017','published','images/49.jpg',25,3,25,25,25,25,'Skandinavien','Scandinavia','Skandynawia','Скандинавия',3,3,3,3,'Boote im Hafen','Boats in the port','Łodzie w porcie','Лодки в порту',47,61,'');
INSERT INTO blog_picture VALUES(53,'Smiling clown','smiling-clown','Denmark','2023-02-28 21:09:48','2023-02-28 21:11:31.966884','2023-03-05 17:19:52.175690','published','images/50.jpg',26,3,26,26,26,26,'Dänemark','Denmark','Dania','Дания',3,3,3,3,'Lächelnder Clown','Smiling clown','Uśmiechnięty Clown','Улыбающийся клоун',72,49,'1971');
INSERT INTO blog_picture VALUES(54,'Abstraction - A woman full of mercy on the street','abstraction-a-woman-full-of-mercy-on-the-street','Hungary','2023-02-28 22:10:21','2023-02-28 22:10:32.700308','2023-03-05 17:40:39.260531','published','images/51_NEKoGt9.jpg',27,3,27,27,27,27,'Ungarn','Hungary','Węgry','Венгрия',3,3,3,3,'Abstraktion - Eine Frau voller Barmherzigkeit auf der Straße','Abstraction - A woman full of mercy on the street','Abstrakcja - Na ulicy kobieta pełna miłosierdzia','Абстракция - Женщина, полная милосердия на улице',39,30,'1954');
INSERT INTO blog_picture VALUES(55,'Woman in bed','woman-in-bed','Hungary','2023-02-28 22:10:37','2023-02-28 22:12:14.132281','2023-03-05 17:42:16.529171','published','images/52.jpg',7,3,7,7,7,7,'Ungarn','Hungary','Węgry','Венгрия',3,3,3,3,'Frau im Bet','Woman in bed','Kobieta w pościeli','Женщина в постели',32,32,'1965');
INSERT INTO blog_picture VALUES(56,'1930s Austria','1930s-austria','','2023-02-28 22:13:52','2023-02-28 22:14:05.182548','2023-02-28 22:14:05.182567','published','images/53_f64rwRr.jpg',15,2,15,15,15,15,NULL,NULL,NULL,NULL,2,2,2,2,'1930er Österreich','1930s Austria','lata 30- te XX wieku Austria','Австрия 1930-х годов',31,39,'');
INSERT INTO blog_picture VALUES(57,'English style park','english-style-park','','2023-02-28 22:14:38','2023-02-28 22:16:39.976453','2023-03-05 17:42:47.171973','published','images/54.jpg',24,3,24,24,24,24,NULL,NULL,NULL,NULL,3,3,3,3,'Park im englischen Stil','English style park','Park w stylu angielskim','парк в английском стиле',55,74,'1920');
INSERT INTO blog_picture VALUES(58,'A homely village','a-homely-village','','2023-02-28 22:18:29','2023-02-28 22:18:45.585148','2023-03-05 17:44:35.804720','published','images/57_5lbXLYi.jpg',3,3,3,3,3,3,NULL,NULL,NULL,NULL,3,3,3,3,'Ein heimeliges Dorf','A homely village','Wieś swojska siermiężna','Уютная деревня',49,61,'1992');
INSERT INTO blog_picture VALUES(59,'Highlander''s huts in Zakopane','highlanders-huts-in-zakopane','','2023-02-28 22:19:27','2023-02-28 22:21:20.745948','2023-03-05 17:44:53.394719','published','images/58.jpg',3,3,3,3,3,3,NULL,NULL,NULL,NULL,3,3,3,3,'Hochlandhütten in Zakopane','Highlander''s huts in Zakopane','Góralskie chaty w Zakopanem','Хижины горцев в Закопане',40,51,'');
INSERT INTO blog_picture VALUES(61,'Flowers','flowers','','2023-02-28 22:27:23','2023-02-28 22:29:02.569342','2023-03-05 17:47:43.244080','published','images/59.jpg',3,5,3,3,3,3,NULL,NULL,NULL,NULL,5,5,5,5,'Blumen','Flowers','Kwiaty','Цветы',63,53,'');
INSERT INTO blog_picture VALUES(62,'Wanderer','wanderer','','2023-02-28 22:29:28','2023-02-28 22:31:28.574187','2023-03-05 19:14:41.913869','published','images/61.jpg',28,3,28,28,28,28,NULL,NULL,NULL,NULL,3,3,3,3,'Wanderer','Wanderer','Wędrowiec','Странник',70,58,'');
INSERT INTO blog_picture VALUES(63,'Expression landscape','expression-landscape','Denmark','2023-02-28 22:31:28','2023-02-28 22:35:35.233247','2023-03-05 19:16:59.512758','published','images/63.jpg',3,3,3,3,3,3,'Dänemark','Denmark','Dania','Дания',3,3,3,3,'Ausdruckslandschaft','Expression landscape','Krajobraz  ekspresja','Выражение пейзаж',73,61,'');
INSERT INTO blog_picture VALUES(64,'Sailboats at sunset','sailboats-at-sunset','','2023-02-28 22:35:37','2023-02-28 22:36:52.313074','2023-03-05 19:17:22.203328','published','images/64.jpg',3,3,3,3,3,3,NULL,NULL,NULL,NULL,3,3,3,3,'Segelboote bei Sonnenuntergang','Sailboats at sunset','Żaglówki o zachodzie słońca','Парусники на закате',67,43,'');
INSERT INTO blog_picture VALUES(65,'Landscape','landscape','','2023-02-28 22:36:52','2023-02-28 22:39:48.920538','2023-03-05 19:18:15.187711','published','images/67.jpg',23,4,23,23,23,23,NULL,NULL,NULL,NULL,4,4,4,4,'Landschaft','Landscape','krajobraz','пейзаж',36,27,'2021');
INSERT INTO blog_picture VALUES(66,'The rays of the sun falling on the wet ground','the-rays-of-the-sun-falling-on-the-wet-ground','','2023-02-28 22:40:21','2023-02-28 22:42:50.103040','2023-02-28 22:42:50.103058','published','images/68.jpg',29,2,29,29,29,29,NULL,NULL,NULL,NULL,2,2,2,2,'Die Sonnenstrahlen, die auf den nassen Boden fallen','The rays of the sun falling on the wet ground','Promienie słońca  padające na mokrą ziemię','Лучи солнца падают на мокрую землю',46,54,'');
INSERT INTO blog_picture VALUES(67,'Trees in a madman''s vision','trees-in-a-madmans-vision','','2023-02-28 22:42:50','2023-02-28 22:44:13.784491','2023-03-05 19:18:57.521132','published','images/69.jpg',3,3,3,3,3,3,NULL,NULL,NULL,NULL,3,3,3,3,'Bäume in der Vision eines Verrückten','Trees in a madman''s vision','drzewa w wizji wariata','деревья в видении безумца',63,73,'');
INSERT INTO blog_picture VALUES(68,'Boats on the water','boats-on-the-water','Austria','2023-02-28 22:44:13','2023-02-28 22:45:56.731864','2023-03-05 19:19:52.086445','published','images/70.jpg',3,3,3,3,3,3,'Österreich','Austria','Austria','Австрия',3,3,3,3,'Boote auf dem Wasser','Boats on the water','Łódki na wodzie','Лодки на воде',45,54,'');
INSERT INTO blog_picture VALUES(69,'Death memorial silent watercolor lake','death-memorial-silent-watercolor-lake','','2023-02-28 22:46:20','2023-02-28 22:48:02.435155','2023-03-05 19:20:57.054950','published','images/72.jpg',30,3,30,30,30,30,NULL,NULL,NULL,NULL,3,3,3,3,'Stiller aquarellsee des todesdenkmals','Death memorial silent watercolor lake','Pamiątka pośmiertna ciche jezioro akwarela','Мемориал смерти тихое акварельное озеро',46,54,'1968');
INSERT INTO blog_picture VALUES(70,'Summer landscape','summer-landscape','','2023-02-28 22:49:39','2023-02-28 22:51:25.503445','2023-02-28 22:51:25.503484','published','images/74.jpg',31,2,31,31,31,31,NULL,NULL,NULL,NULL,2,2,2,2,'Sommerlandschaft','Summer landscape','Krajobraz letni','Летний пейзаж',80,110,'');
INSERT INTO blog_picture VALUES(71,'Copy of Modigliani','copy-of-modigliani','Vienna','2023-02-28 23:09:22','2023-02-28 23:10:45.633624','2023-03-05 19:21:49.399074','published','images/75.jpg',32,3,32,32,32,32,'Wien','Vienna','Wiedeń','Вена',3,3,3,3,'Kopie von Modigliani','Copy of Modigliani','Kopia Modiglianiego','Копия Модильяни.',66,46,'1999');
INSERT INTO blog_picture VALUES(72,'Variations on Capri','variations-on-capri','','2023-02-28 23:11:11','2023-02-28 23:12:36.467579','2023-02-28 23:12:36.467597','published','images/76.jpg',33,2,33,33,33,33,NULL,NULL,NULL,NULL,2,2,2,2,'Variationen auf Capri','Variations on Capri','Wariacje na temat  Capri','Вариации на тему Капри',51,69,'');
INSERT INTO blog_picture VALUES(73,'The element of the sea','the-element-of-the-sea','Poland','2023-02-28 23:13:07','2023-02-28 23:14:13.755578','2023-03-05 19:23:18.669518','published','images/77.jpg',34,3,34,34,34,34,'Polen','Poland','Polska','Польша',3,3,3,3,'Das Element des Meeres','The element of the sea','Żywioł morza','Стихия моря',56,81,'1940');
INSERT INTO blog_picture VALUES(74,'Settlement in the forest','settlement-in-the-forest','','2023-02-28 23:14:29','2023-02-28 23:16:10.182944','2023-03-05 19:23:59.218994','published','images/78.jpg',35,3,35,35,35,35,NULL,NULL,NULL,NULL,3,3,3,3,'Siedlung im Wald','Settlement in the forest','Osada w lesie','Поселение в лесу',54,73,'');
INSERT INTO blog_picture VALUES(75,'Country road with stone stacks','country-road-with-stone-stacks','','2023-02-28 23:16:36','2023-02-28 23:17:27.445138','2023-03-05 19:24:17.982175','published','images/79.jpg',36,3,36,36,36,36,NULL,NULL,NULL,NULL,3,3,3,3,'Landstraße mit Steinstapeln','Country road with stone stacks','Droga wiejska z kamiennymi stogami','Проселочная дорога с каменными стогами',53,73,'');
INSERT INTO blog_picture VALUES(76,'Autumn glade','autumn-glade','','2023-02-28 23:17:53','2023-02-28 23:19:23.381042','2023-02-28 23:19:23.381063','published','images/80.jpg',37,2,37,37,37,37,NULL,NULL,NULL,NULL,2,2,2,2,'Herbstlichtung','Autumn glade','Jesienna polana','Oсенняя поляна',56,72,'');
INSERT INTO blog_picture VALUES(77,'Southern style landscape','southern-style-landscape','','2023-02-28 23:19:40','2023-02-28 23:21:13.199734','2023-03-05 19:28:37.664306','published','images/81.jpg',38,3,38,38,38,38,NULL,NULL,NULL,NULL,3,3,3,3,'Landschaft im südlichen Stil','Southern style landscape','Krajobraz w stylu południowym Weduta','Пейзаж в южном стиле',56,74,'');
INSERT INTO blog_picture VALUES(79,'Dark forest','dark-forest','','2023-02-28 23:23:05','2023-02-28 23:24:37.135078','2023-03-05 19:29:41.924474','published','images/83.jpg',40,3,40,40,40,40,NULL,NULL,NULL,NULL,3,3,3,3,'Dunkler Wald','Dark forest','Mroczny las','Tемный лес',57,72,'');
INSERT INTO blog_picture VALUES(80,'Landscape with a lake','landscape-with-a-lake','','2023-02-28 23:36:11','2023-02-28 23:37:07.960619','2023-03-05 19:30:13.656460','published','images/85.jpg',41,3,41,41,41,41,NULL,NULL,NULL,NULL,3,3,3,3,'Landschaft mit einem See','Landscape with a lake','Krajobraz z jeziorem','Пейзаж с озером',47,55,'');
INSERT INTO blog_picture VALUES(81,'Beehives in Ukraine','beehives-in-ukraine','','2023-02-28 23:37:52','2023-02-28 23:39:01.263523','2023-03-05 19:30:49.186750','published','images/86.jpg',42,3,42,42,42,42,NULL,NULL,NULL,NULL,3,3,3,3,'Bienenstöcke in der Ukraine','Beehives in Ukraine','Ule na Ukrainie','Ульи в Украине',44,55,'');
INSERT INTO blog_picture VALUES(82,'Lighthouse - landscapes of Denmark','lighthouse-landscapes-of-denmark','','2023-02-28 23:39:21','2023-02-28 23:40:22.701469','2023-03-05 19:31:05.719030','published','images/87.jpg',43,3,43,43,43,43,NULL,NULL,NULL,NULL,3,3,3,3,'Leuchtturm - Landschaften von Dänemark','Lighthouse - landscapes of Denmark','Latarnia morska - krajobrazy Danii','Маяк - пейзажи Дании',44,55,'1968');
INSERT INTO blog_picture VALUES(83,'Mountain expression','mountain-expression','Austria','2023-02-28 23:40:56','2023-02-28 23:41:56.220937','2023-03-05 19:31:42.764140','published','images/89.jpg',44,3,44,44,44,44,'Österreich','Austria','Austria','Австрия',3,3,3,3,'Gebirgsausdruck','Mountain expression','Górska ekspresja','Выражение горы',47,55,'');
INSERT INTO blog_picture VALUES(84,'Sailing boat in the port','sailing-boat-in-the-port','','2023-02-28 23:41:56','2023-02-28 23:42:54.683201','2023-03-05 19:32:40.747454','published','images/90.jpg',5,3,5,5,5,5,NULL,NULL,NULL,NULL,3,3,3,3,'Segelboot im Hafen','Sailing boat in the port','Łódka żaglowa w porcie','Парусник в порту',40,53,'');
INSERT INTO blog_picture VALUES(85,'Autumn in the meadow','autumn-in-the-meadow','Vienna','2023-03-05 16:51:42','2023-03-05 16:55:22.467519','2023-03-05 16:55:22.467539','published','images/24_0QMZzzD.jpg',12,3,12,12,12,12,'Wien','Vienna','Wiedeń','Вена',3,3,3,3,'Herbst auf der Wiese','Autumn in the meadow','Jesień na łące','Осень на лугу',33,28,'');
DELETE FROM sqlite_sequence;
INSERT INTO sqlite_sequence VALUES('django_migrations',24);
INSERT INTO sqlite_sequence VALUES('django_admin_log',268);
INSERT INTO sqlite_sequence VALUES('django_content_type',9);
INSERT INTO sqlite_sequence VALUES('auth_permission',36);
INSERT INTO sqlite_sequence VALUES('auth_group',0);
INSERT INTO sqlite_sequence VALUES('auth_user',2);
INSERT INTO sqlite_sequence VALUES('blog_author',44);
INSERT INTO sqlite_sequence VALUES('blog_epoch',5);
INSERT INTO sqlite_sequence VALUES('blog_picture',85);
CREATE UNIQUE INDEX "auth_group_permissions_group_id_permission_id_0cd325b0_uniq" ON "auth_group_permissions" ("group_id", "permission_id");
CREATE INDEX "auth_group_permissions_group_id_b120cbf9" ON "auth_group_permissions" ("group_id");
CREATE INDEX "auth_group_permissions_permission_id_84c5c92e" ON "auth_group_permissions" ("permission_id");
CREATE UNIQUE INDEX "auth_user_groups_user_id_group_id_94350c0c_uniq" ON "auth_user_groups" ("user_id", "group_id");
CREATE INDEX "auth_user_groups_user_id_6a12ed8b" ON "auth_user_groups" ("user_id");
CREATE INDEX "auth_user_groups_group_id_97559544" ON "auth_user_groups" ("group_id");
CREATE UNIQUE INDEX "auth_user_user_permissions_user_id_permission_id_14a6b632_uniq" ON "auth_user_user_permissions" ("user_id", "permission_id");
CREATE INDEX "auth_user_user_permissions_user_id_a95ead1b" ON "auth_user_user_permissions" ("user_id");
CREATE INDEX "auth_user_user_permissions_permission_id_1fbb5f2c" ON "auth_user_user_permissions" ("permission_id");
CREATE INDEX "django_admin_log_content_type_id_c4bce8eb" ON "django_admin_log" ("content_type_id");
CREATE INDEX "django_admin_log_user_id_c564eba6" ON "django_admin_log" ("user_id");
CREATE UNIQUE INDEX "django_content_type_app_label_model_76bd3d3b_uniq" ON "django_content_type" ("app_label", "model");
CREATE UNIQUE INDEX "auth_permission_content_type_id_codename_01ab375a_uniq" ON "auth_permission" ("content_type_id", "codename");
CREATE INDEX "auth_permission_content_type_id_2f476e4b" ON "auth_permission" ("content_type_id");
CREATE INDEX "django_session_expire_date_a5c62663" ON "django_session" ("expire_date");
CREATE INDEX "blog_author_author_60862650" ON "blog_author" ("author");
CREATE INDEX "blog_author_author_de_1bc97ab3" ON "blog_author" ("author_de");
CREATE INDEX "blog_author_author_en_2e8129cc" ON "blog_author" ("author_en");
CREATE INDEX "blog_author_author_pl_8e5db835" ON "blog_author" ("author_pl");
CREATE INDEX "blog_author_author_ru_2cc0d339" ON "blog_author" ("author_ru");
CREATE INDEX "blog_epoch_epoch_d11a8c65" ON "blog_epoch" ("epoch");
CREATE INDEX "blog_epoch_epoch_de_df10251c" ON "blog_epoch" ("epoch_de");
CREATE INDEX "blog_epoch_epoch_en_1d3c70e6" ON "blog_epoch" ("epoch_en");
CREATE INDEX "blog_epoch_epoch_pl_c10c77f6" ON "blog_epoch" ("epoch_pl");
CREATE INDEX "blog_epoch_epoch_ru_4d8a441e" ON "blog_epoch" ("epoch_ru");
CREATE INDEX "blog_picture_title_b1aff8a6" ON "blog_picture" ("title");
CREATE INDEX "blog_picture_slug_0e4792d7" ON "blog_picture" ("slug");
CREATE INDEX "blog_picture_country_61da1c4a" ON "blog_picture" ("country");
CREATE INDEX "blog_picture_author_id_c8c0ea05" ON "blog_picture" ("author_id");
CREATE INDEX "blog_picture_epoch_id_20d5968f" ON "blog_picture" ("epoch_id");
CREATE INDEX "blog_picture_author_de_id_ccfc6f38" ON "blog_picture" ("author_de_id");
CREATE INDEX "blog_picture_author_en_id_e446b0cb" ON "blog_picture" ("author_en_id");
CREATE INDEX "blog_picture_author_pl_id_e94a031e" ON "blog_picture" ("author_pl_id");
CREATE INDEX "blog_picture_author_ru_id_cd6699e9" ON "blog_picture" ("author_ru_id");
CREATE INDEX "blog_picture_country_de_3c64bbbf" ON "blog_picture" ("country_de");
CREATE INDEX "blog_picture_country_en_300d8bbf" ON "blog_picture" ("country_en");
CREATE INDEX "blog_picture_country_pl_27101a60" ON "blog_picture" ("country_pl");
CREATE INDEX "blog_picture_country_ru_b7551f91" ON "blog_picture" ("country_ru");
CREATE INDEX "blog_picture_epoch_de_id_2838f890" ON "blog_picture" ("epoch_de_id");
CREATE INDEX "blog_picture_epoch_en_id_0a476a2d" ON "blog_picture" ("epoch_en_id");
CREATE INDEX "blog_picture_epoch_pl_id_d1d4b4af" ON "blog_picture" ("epoch_pl_id");
CREATE INDEX "blog_picture_epoch_ru_id_fe46ddd4" ON "blog_picture" ("epoch_ru_id");
CREATE INDEX "blog_picture_title_de_7301d4db" ON "blog_picture" ("title_de");
CREATE INDEX "blog_picture_title_en_7de42f68" ON "blog_picture" ("title_en");
CREATE INDEX "blog_picture_title_pl_6735502c" ON "blog_picture" ("title_pl");
CREATE INDEX "blog_picture_title_ru_4f53466f" ON "blog_picture" ("title_ru");
CREATE INDEX "blog_picture_year_763150db" ON "blog_picture" ("year");
COMMIT;
